mbti,first_comment,second_comment,third_comment
N,어떠한 과정을 거쳐 변화되었는지 주변에 마법사가 생겼는지 찾아본다,피 안빨면 같이 살게 해준다,머리에 물을 준다!
N,1.망했,2.망했,3.망했
N,1 설마 진짜 기타가 젤리로 변하진 않았을거라고 생각하고 가족들한테 이 장난 누가 친거냐고 물어본다,2 고민해본다,3 사진을 찍은 뒤 살살 당겨보고 괜찮을것같으면 뽑는다
N,1. 연주해본다,2. 나를 괴롭히지 않는다는 계약서를 쓴다,3. 물은 어떻게 주지 고민한다
S,1.먹는다,2.싫다,3.자른다
N,1. 일단 다시 돌아올 수 잇으니 모셔둔다,2. 감금,3. 뽑히나?
S,1. 어쩔 수 없다,2. 싫다,3. ㅇㅅㅇ ..
N,1.일단 놔둔다,2. 꺼지라고한다,3. 주변사람에게 알린다..
N,1. 줄도 젤리인지 먹어본다.,2. 가둬둔다.,3. 꽃인간이 된건가 생각해본다.
S,1. 뭔소리지,2. 뭔소리지,3. 뭔소리지
N,1. 먹었,2. 꿈에서 깼,3. 태양을 향했
S,먹었다,싫다,해바라기다
S,다시 기타로 되돌릴 방법을 찾아본다,나를 절대 물지 않을 것이냐는 약속을 받는다,좋다고 사방팔방 자랑하고 다닌다
S,기타가 더 비싼데 쫌 손해,모기 가둬놓자..,잘라도 안아픈가? 구조가 어떻게된건지 확인
N,1. 딱 한입만 먹어본다,2. 거절하고 유리컵에 가둔다,3. 사진찍고 꺾어서 버린다
N,돈 아깝구 짜증난다!,함 싸워본다…,친구한테 자랑한당
S,나는 이제 기타가 없다,나는 거절한다,나는 거울을 본다
N,나는 너무 슬퍼서 울러버렸다,나는 내 피를 먹지않겠다면 그러자고 했다,나는 다른 사람 정수리에는 어떤 꽃이 폈을지 궁금해졌다
N,1 매일 다시돌아오라고 기도한다(아주간절하게ㅠㅠ),2 나 안물면 같이살다가 같이 방송출연할듯,3 물주고 잘키운다 무럭무럭자라야한다~^^
S,1. 아 기타값이 얼만데 젤리로 다시 되돌릴 방법 강구하기,"2. 어떻게든 죽여서 없애기 근데 말도 하는 거면 나는 지낼 곳 마련, 모기는 다른 모기들로부터 지켜주기로 딜하기",3. 꺾어서 없애기
N,1. 크기는 그대로인가 기타의 기능을 할수있나 생각한다,2. 나도 모기의 모습으로 사는게 조건인건가 생각한가,3. 내 머릿속 어느 부분에 씨가 존재하는가 생각한다
N,나는 힝구리퐁퐁이다.,나는 니가 싫다.,나는 싹둑 자를 것이다.
S,1. 놔두고 기다린다,2. 싫다고 말한다 ,2. 병원에 간다
S,1. 뭐야 이게,2. 미칫나,3. 꿈인가
S,입에 넣는다. ,죽었다. ,흙이다.
S,"1. 왜 젤리로 변하고 @@이야,,, 하면서 놔 둠",2. 싫다고 함,3. 이거 자르면 나도 죽을까하고 고민함
S,1.먹는다..,2.거절한다..,3.엥??? 라는 생각만 들다가 자른다... 생각함
S,먹는다,거절한다,사진찍고 뽑는다
S,1.어이가 없다,2.불쾌하다 거절할것이다,3.무거울것같아서 뽑아버릴수도있다
N,1. 맛만본다,2. 미쳤,3. 분무기로 물도 뿌려보고 햇빛에도 쬐여본다
S,1.먹는다,2.꺼지라고한다,3.셀카찍는다
S,1. 엥 ... 젤리 먹고 기타 새로 산다,2. 엥..? 일단 전기파리채로 죽인다,3. 엥??? 뽑는다?
S,1. 조금씩 뜯어 먹는다,2. 내 피는 빨아먹지 않기로 협상한다,3. 사진찍어 올리고 유퀴즈에서 연락올 때까지 기다린다
N,1. 먹어본다,2. 꺼지라고 한다,3. 이제 인싸다
N,1. 먹어 본다,2. 나는 물지말고 시키는 애 물어라한다,3. 뽑아본다. 피나나?
S,1. 짜증난다,2. 싫다,3. 무섭다
N,1. 일단 고이 모셔둔다 다시 변할 수도 있으니까,2. 암컷인지 수컷인지 알아본다(암컷이면 내 피를 빨 수도 있으니까) 내 피를 안 빨고 월세를 일부 부담하고 내가 잘때 근처에서 돌아다니지 않는다는 전제 하에 허락함,3.일단 모자를 쓰고 병원에 가서 해결방법을 알아본다
S,1.싫다,2.망했다,3.이상하다
S,기타젤리다,같이 안산다(사유:징그러움),해바라기프로펠러다
S,1. 기타가 젤리로 변하면 나는 ‘어리둥절’하다,2. 불사조 모기가 같이 살자고 하면 나는 ‘싫다고 말한다’,3. 정수리에 해바라기가 피면 나는 ‘뗀다’
N,1-슬프지만상하기전에먹는다,2-안물면같이산다고한다,3-사진동영상찍고떼어서꽃병에넣어놓고인터넷에글올린다
S,1. 나는 짜증 난다......,2. 나는 큰일 났다......,3. 나는 머리카락 자라는 화분이다......
N,"1. 유튜브에 올리거나 제보하고 비싸게 판다, 먼지가 안 묻게 잘 보관한다",2. 모기가 나랑 어떻게 대화했지? 말이 가능한 모기인가 아니면 모스부호같은 걸 날면서 표현하나,3. 키를 다시 잰다 (앗사 키컸다!)
N,1. 젤리가 다시 기타로 변할 때까지 젤리가 기억할 만한 음악을 들려주며 기다린다. 젤리를 신나게 한다.,2. 같이 살고싶다면 나를 위해 죽어줄 수도 있냐고 물어본다.,3. 우선 사진을 찍고 친구들한테 달려가 자랑한다.
S,1. 조금씩 뜯어먹어본다,2. 정중하게 거절한다,3. 이상태로 과연 출근할 수 있을까 고민한다
S,1. '아이고 내 돈'하며 운다,2. 욕하며 때려잡는다,3. 어느 병원에 가봐야할지 고민하다가 응급실 간다
N,먹는다,뱀파이어다,화분이다
N,먹어본다,싫다고한다,슬프다
S,속상하다,절대 안 된다,주변에 자랑하고 물 줘본다
N,1. 다시 변할 수 있으니까 기다린다,2. 도망친다,3. 잘라도 될지 고민하다 미용실에 간다
N,1. 좌절했다가 어떻게 하면 원래대로 돌아갈지 고민한다.,2. 왜 같이 살자 하는 건지 물어본다.,3. 사진 찍는다.
S,1. 살짝 뜯어먹어본다.,2. 다른 집 가라고 한다.,3. 셀카 한번 찍고 뽑아버린다.
S,보관한다,싫다,뽑는다
N,굴금해하다가 잘 간직,싫,처음엔 신기해서 사진찍어서 주변에 공유 하다가 안뽑히거나 안사라지면 평생 이렇게 살아야하나 해서 울거같음
N,1. 마법사,2. 나랑...왜...? 근데 말을 하는거니 지금..?,3. 엥 이거 근데 물 안주면 죽나
S,먹는다,물지 말라한다,스크롤을 내렸다
N,젤리다,모기장을 산다,꽃이다
S,1. 기타가 아깝,2. 싫다고 한,3. 울었
N,무슨 맛일까 나는 단거 안 좋아하는데 언제 다 먹지 이거 다 먹으면 당뇨 오겠는데,잠적한다,잘라서 꽃병에 꽂는다
S,먹는다,거절한다,뽑는다
S,당황스럽다,거절한다,자른다
S,1. 엉엉 운다,2. 싫다고 욕 한다,3. 창피해서 어디 나갈 수가 없다
S,먹었다,쫓아냈다,병원에 갔다
S,돈이 아깝다,싫,뜯어내려고 애를 쓴 후 사진을 찍고 병원 가본다
N,젤리에서 소리가 나나 분석해본다,이왕 이렇게된거 모기를 활용해 돈벌 방법을 궁리해보고 수익창출이 된다면 동거한다,틱톡영상을 찍어 관심종자가 된다
S,이게뭐지?,극혐한다,이게뭐지?
S,믿을 수 없다 기타를 다시 찾아본다,싫다고 한다,잘라낸다
S,망가지지않게 냉장고에 넣어둔다,거절한다,꿈인가 생각한다
N,당황스럽다,절대 빠져나오지 못하게 가둬둔다,병원에 가본다
N,그걸 다 먹어야겠다,소통이 된다면 친구가 될 수 있을텐데 그럼 날 냅두지 않을까,광합성 하러 밖에 나간다
S,젤리로 변한 기타를 맛본,먹이를 보장해 줄 수 없다고 한 후 그럼에도 불구하고 같이 살고싶다고 한다면 인간을 먹이로 삼지 않는다면 허락한,병원에 가야할지 고민한
N,1. 아까우니 버리진 못하겠어서 먹었다.,2. 알겠다고 하고 유리병 안에 가뒀다.,3. 신기해하면서 인스타에 올리고 햇빛을 쬔다.
S,1. 먹어버린다,2. 내쫓는다,3. 병원에 간다
N,1. 신기하다,2. 대화가 통할 정도면 이것저것 윤택한 삶을 위한 활용이 가능 할 것 같다,3. 불편하다
N,소리나는지 쳐본다,불사의 방법을 알려줄 수있는지 물어보고 가능하다고 하면 비법공유~ 조건으로 살자고하고 실험실에 보낸다,신경이 연결되어있는지 건드려본다
S,슬프다,도망친다,키운다
N,1. 왜이래 이거,2.뭐야 이거,3.이게 무슨일이고
N,"1. 아끼는 기타인데, 어떻게 먹거나 버림.. 그렇다고 냉동 보관하면 냉동실 공간 다 차지하니깐, 아이들 먹으라고 보육원에 기부한다.",2. 오키 하고 모기를 가둬서 연구소에 팔아서 죽지않는 방법에 대해 연구하도록 만든다.,"3. 함부로 잘랐다간 죽을 수도 있으니, 우선은 병원으로.. 설마 민주주의 국가에 날 연구소로 데려가진 않겠지..?"
S,1.어쩌겠냐며..버린다,2.나한테 이득이 뭐냐 묻는다,3.뜯어본다
N,나는 젤리를 장식했다,나는 싫다고 했다,나는 일단 모자로 가려봤다
N,1. 나는 연금술사다.,2. 나는 심심하지 않을 것 같다.,"3. 나는 친구에게 한번 슥 보여주고, 병원에 가서 수술 받을 것이다."
S,1. 도둑이 들었나 싶다,2. 이건 뭐지 싶다,3. 얜 또 뭐지 싶다
S,슬펐다,거절했다,놀랐다
S,먹는다,죽인다,키운다
S,운다,싫다고한다,인터넷에 찾아본다
S,맛있겠다,으x발,징그럽겠다
N,1.기타전문가와 젤리 전문가를 모시고 기타 복원이 가능한지 빌어본다,2.내피를 빨아먹지 않는 조건으로 같이살고 후대에 들려주고싶은 이야기들을 마구 전달해놓는다.,3.조화인지 생화인지 확인해보고 제거수술 가능한지 병원다녀본다
N,1. 다시 돌아올 수도 있으니 일단 두고 지켜본다 ,2. 불사조 모기를 잡아서 모기 호박으로 만든다,3. 아침에 등교해야하는데 머리에 해바라기 심고 다니는 관종으로 보일 순 없다. 해바라기를 똥머리처럼 말아서 캡모자에 욱여넣는다
S,맛있게 먹는,꺼지라고 한,뽑는
S,뭔가 싶다,싫다,힙하다
S,기타 아까워,죽인다,..어떡하지?
S,먹는다,가둔다,예쁘다
S,먹는다,죽인다,키운다
N,내가 아끼는 기타가... 슬프다,싫다고 한다,병원에 가본다
S,빡친다.,내가 왜,잣대따
N,투명케이스에 보관한다,모기를 신경쓰지 않는다,뿌리를 살펴보고 물을준다
N,개빡친다,내쫓는다,당황스럽다
S,먹는다,싫다,병원에 간다
S,개빡친다..,내보내버린다,모자만 쓰고 다닌다
S,뭐라는거야,뭐라는거야,뭐라는거야
S,우야노,거절한다,자른다
N,절망적이다 안 건드린다.…,싫다 쫓아낸다…,인터넷에 검색해본다.…
N,맛있을까,싫다고하고 도망간다,신기하다
S,먹는다,자살할까,자른다
S,운다,나가라한다,자른다
N,가장 아끼는 젤리가 생겼다,작은 모기장을 만들어 가둔다,해바라기이다
S,1. 가성비 박살난 상황이 짜증남,2. 무시하고 잡아 죽임,3. 사진찍음
S,먹었다,싫다,꽃이다
S,젤리가 생겼다,싫,어이가 없
N,내가 미쳤나 싶을 것 같다,사는 대신 베네핏은 없나요?,사진 엄청 찍어놓고 잘라낼 것 같다
S,새로산다,절대 싫다고 한다,병원간다
S,내기타 얼마짜린데...,싫어 모기극혐,병원가야지
N,다시 돌아올 때까지 기다리다가 100일 지나도 안 돌아오면 그냥 먹는다. ,가둬서 유튜브 컨텐츠 오지게 뽑은 다음에 연구센터에 거액을 받고 판다. ,유튜브 컨텐츠 오지게 뽑은 다음에 병원에 가서 안전하게 제거한다.
N,먹는다,죽인다,사진 찍는다
N,나는 너무 속상해서 눈물이 고였다,나는 어이없어서 웃음이 나왔다 혼자가 좋다고 대답한다,나는 귀요미다
N,젤리에서 소리가 날까 궁금했,모기의 과학적인 비밀을 밝혀내 인간에게 도입시킬수 있을까 생각했,본체가 사람인 꽃인걸까? 꽃인 사람인걸까? 정체성에 대해 고민하기 시작했
N,한입먹었다,일주일에 한번만 물라고 거래한다,침대 방향을 해 비추는 쪽으로 바꿔준다
N,그 젤리를 병에 담아 보관했다,그 모기를 병에 담아 보관했다,그 해바라기를 병에 담아 보관했다
S,눈물을 흘린다,ㅇㅋ ㄱ 대신 난 안물기?,뜯어본다
N,일단 무슨 맛인지 핥아본다,내 피를 먹지 않는다고 약속 하면 ㅇㅋ 한다,사진찍어 인스타 스토리에 올린다‘정수리에 해바라기 핌ㅋㅋㅋ’
N,망했다,망했다,해바라기다
S,짜증난다,싫다고 한다,엥? 하고 사진 찍는다
S,장식장에 보관한다,냉동실에 얼려버린다,잘라버린다
S,큰일났다,죽였다,해바라기다
S,꿈을 꾸고있다,꿈을 꾸고있다,꿈을 꾸고있다
S,황당하,그 불사조 모기를 영원히 가둔,뽑았
N,1. 엄청 맛있어한다. 굉장히 아꼈던만큼 맛도 굉장하겠지!!!!,2. 각서를 쓰자고 한다.. 나 물지마 물면 쫓아낼거임,3. 귀여울 것 같다ㅠㅠ 기분 좋으면 해바라기도 좌우로 살랑살랑 움직일듯 ㅠㅠㅠ
S,어쩌라고,개싫,해바라기
N,개빡친,개극혐한,기절한
S,먹을것이다,거절할것이다,떼어버릴 것이다
N,젤리로 변한 기타를 보고 허망하게 10분 있다가 해결방법을 고민해본다,집 밖으로 영원한 퇴출,잘라서 집에서 키우기
S,그렇구나,저리가라,자른다
N,소리가 나는지 쳐본다.,월세 같이 내주면 알겠다고 한다,해바라기 씨를 먹어본다
S,나는 하리보다 ,내 피를 먹지않겠다면 괜찮다...,오 귀여운데
S,기타 찾아보고 누가 훔쳐갔나 분실신고한다,에프킬라 뿌린다 창문열어서 밖으로 보낸다,화분에 옮겨심는다
N,나는 슬라임이다!,모기를 가지고 실험을 해본다!,밭 이다!
S,기타가 아까웠,싫다고 했,바로 뽑았
N,먹는다,진짜 안 죽는지 잡아본다,뽑는다
S,1. 모셔둔다,2. 전기파리채로 지져도 안죽는지 실험해본다,3. 병원에 간다
S,어이가없다,거절한다,내신경과이어져있는지확인하고자른다
S,아까웠,망했,망했
S,뭐?,싫다,뭐?
S,먹는다,꺼지라한다,원인을 알아본다
S,엉? 난 기타 없다,모기가 나랑 왜 같이 살아…,황당하다..
S,일단 냅둔다,평생 통에 가둔다,"어떡하지,,,,,,?"
N,개빡친,개빡친,개빡친
S,화난다,가둔다,유튜브를 찍는다
S,화가난,싫다고한,빼야한
S,화가난다,그러든가,오 대박
N,다시 돌아올수도있으니 우선 보관한다,평생 피를 줄순없으니까 다른곳알아보라 한다,해바라기에 무슨 기능이있는지 살펴본다
N,기타줄을 당겨본다 ,"날지 않고, 삐를 먹지 않으면 친구를 할 생각이 있지만, 그렇지 않으면 안되겠다고 거절한다.",사진과 동영상을 찍은다음 친구들에게 배포한다
S,되돌릴 방법이 없나 고민하다 화낸다,쫓아낸다,우산처럼 쓴다
S,뭔 말도 안되는걸 질문하는거지?,,걍 스크롤 내린다
N,꿈을꾸고있,통에가둔,흙이되어있었
S,젤리가 상하면 기타가 상할 수 있으니 시원한 곳에 보관한다,밀폐된 상자에 가둬서 땅 속에 묻는다,해바라기를 제거하면 내 건강에 영향이 있을지 알아본다
S,운다,싫다고한다,병원에간다
N,기타를 부둥켜안고 운다,진저리치며 저리 꺼ㅈ라고 한다,꽃핀 김에 셀카를 여러장 찍는다
S,1. 기타를 새로 산다.,2. 어떻게든 죽인다.,3. 그럴리가없다.
S,"1.내가 아끼는 기타였는데 .. 슬프게 됐군 ,.",2.싫다,3.나 특별한 존재인걸까
S,1. 기타가 젤리로 변할 리 없다. 꿈이네,2. 불사조 모기가 있을 수가 없고 모기가 말을 걸 리가 없다. 꿈이네,3. 정수리에 해바라기가 자랄 수 없다. 꿈이네
N,1 먹어본다,2 나를 안문다는 조건의 계약을 한다,3 셀카랑 동영상 찍어놓고 자른다
S,엥? 이다,싫다,사진찍고 뽑는다
N,1. 난 젤리 안좋아해 기타 돌려내,2. 짜증나게하지말고 으깨서 죽인다,3. 텔레토비 같이 귀엽네
S,어이없다,싫다고 한다,잘라낸다
S,1. 기타를 새로 산다,2. 거절한다,3. 병원에 간다
S,한입 먹어본다,싫,달고다닌
N,나는 살짝 먹어본다,나는 읭? 절대 못살아 라고 한다,나는 오 웃긴데? 사진 찍고 병원을 간다
S,1. 어이없어한다,2. 거절한다,3. 미친소됐네라고 말한다
N,왜 이런 일이 생겼는지 모르겠,거절한,일단 대책없이 즐겁
N,1. 맛을 본다!,2. 모기를 잡아서 연구소로 보낸다,3. 블라인드를 올리고 해를 비춰준다
S,1나는 (떠오르지 않음..) 다,2.나는 (싫)다,3.나는 (당황스럽)다
S,1. 먹는,2. 싫,3. 자른
S,1. 나는 사람이다,2. 나는 사람이다,3. 나는 땅이다
N,운다,도망간다,해바라기씨를 먹는다
N,1. 한번 쳐본다,2. 하.. 진짜 싫어,3. 나는 해바라기 인간이다
N,1 슬프다,2 거절한다,3 자른다
N,1. 신기하지만 슬플거 같다.,2. 미안하지만 그건 안될거 같다고 거절한다.,3. 믿을 수 없어서 인터넷에 검색해본다.
S,1 당황한다,2 거절한다,3 사진찍는다
S,짜증난다,싫다,곤란하다
S,1.젤리를 보관한다,2. 모기를 가둔다,3. 병원에 간다
N,1. 망연자실 하겠지만 일단 잘 보관해둔다,2. 날 물지 않고 다른 모기들을 대신 죽여주겠단 계약서를 작성,"3. 나같은 경우가 있는지, 해결 방안은 어떠했는지 무한서치"
N,1. 기타로 다시 되돌아 올 수도 있으니까 소중히 보관한다,2. 잡아서 상자에 가둔 뒤 창 밖으로 던져버린다,3. 물도 주고 잘 키우는 영상을 유튜브에 올려서 떼돈을 번다
N,1. 기타젤리를 먹어본다,2. 유리병에 가둔다,3. 큰모자로 안죽게 숨기고 병원에 가본다
S,1. 뭔소리냐,2. 윽 너무시러,3. 뽑아버림
S,당황스럽다.,도망간다.,꿈이라 생각하고 다시 잔다.
N,한입 깨물어본다,모기를 죽여본다,셀카 찍는다
S,1. 개빡친다..,2. 거절한다,3. 뽑아버린다
S,1. 손해봤다,2. 싫다,3. 병원에 간다
S,나는 아끼는 기타가 없다,나는 안믿는다,나는 꽃을 만져본다
N,1. 한 번 맛을 봐본다,2. 처죽인다,3. 물을 한 번 줘본다
S,1. 이게무슨일인가싶다,2. 싫다,3. 약간 정신나간 사람이다
N,1. 슬프다... 기타와 함께 즐겁게 연주하며 동거동락한 세월을 회상한다... 하지만 젤리는 맛있다,2. 너무 싫엉,3. 한층 더 귀여워진 내 모습에 만족한다 어떡하지 너무 귀엽다...
S,1.기타를 다시 산다,2.죽인다,3.뭐지? 뽑을까
S,1.먹는다,2.꺼지라고 한다,3.꿈인가싶다
N,미쳐버린,같이 못산,해바라기
S,먹어본다,거절한다,병원에간다
S,먹어본다,쫓아낸다,뽑아본다
S,뭔 소리야,말이되나,어이가없네
S,1.당황했다,2.싫다,3.당황했다
N,1. 다시 기타가 될지 모르니 일단 버리지 말고 냉장고행,2. 거절의 표시로 홈매트를 켜고 에프킬라를 온 집안에 뿌린다/ 그래도 안되면 잡아서 돈받고 과학기관에 넘긴다,3. 일단 병원에 가본다
S,먹는다,죽여버린다,말이 안된다
S,새 기타를 산다,꺼지라고 한다,잘라버린다
N,1. 나는 젤리기타 연주자~,2. 나에게 무슨 이득이 있지? 하지만 죽지않고 산다니 친구가 될 순 있겠네,3. 나는 해바라기 인간!
N,1.누가 바꿔놨는지 의심한다,2.저리가라고 한다,3.병원에간다
S,1 응,2 응,3 ㅇㅇ
S,1. 먹지않고 보관한다.,2. 이사간다.,3. 물을 준다.
N,1. 아끼는 기타라면 속상할 것 같은데.. 차라리 이 세상이 다 젤리가 된다면 속상하진 않을 것 같다.,"2. 협상한다. 내 피만 안 먹는다면, 잘 때 내 주면만 맴돌지 않는다면 같이 살 수 있다.",3. 해바라기 꺾일까봐 머리 박박 못 감을 것 같은데...걱정..
S,나는 놀란다,나는 싫다고 한다,나는 뽑아버린다
N,1. 다시 변할수도 있으니 고이 보관한다,2. 거절한다,3. 꿈인가?..
N,1. 단맛이 나는지 한번 핥아본다,2. 내 피를 먹을건지 물어본다,3. 거울 앞에서 한참 보다가 뽑히는지 뽑으면 아픈지 살짝 당겨본다
N,1 - 맛있게 먹는다,2 - 방 한쪽 내주는 대신 내 피는 안빨아 먹는다는 조건으로 합의를 본다,3 - 무슨 원리인지 생각해 본다
N,먹는다,싫다,소름돋는다
S,놀랐,혐오,병원갔
N,맛이 어떤지 궁금하니까 한번 핥아보고 혹시라도 돌아올 수 있을지도 모르니까 보관해둔다,"대신에 물지않기, 밤에 소리내지 않기를 지켜준다면 같이 살 수 있다고 말해준다",일단 사진 찍어서 sns에 올리고 세상에 이런일이에 제보한다
N,쳐도 끊어지나 안 끊어지나 쳐 봄,사라져 주세요,과학 기관에 돈 주시면 연구하실 수 있게 협조하겠다고 함
S,젤리를 먹는다,못산다,운다
S,당황할것이다,너무싫다 싫다고 말한다,당겨보고 안아프면 뽑는다
N,먹는다,같이 살기 싫다고한다,씨가 잘있는지 본고 다른곳에도 심어본다
N,나는 젤리다,죽였다,뽑아본다ㅜㅜ/텔레토비다
S,1. 빡친다,2. 왜냐고물어본다,3. 밖에나가지못한다
N,1. 대왕젤링 한번 때려본다! 근데 나중에 검나 슬플듯,2. 안돼!하고 방생한다,3. 한번 물을 줘본당
S,속상하다,너무 싫다,뽑아도 되는 건가
N,손상되지 않게 보존한다,가둬놓는다,사진을 찍는다
N,1. 내 기타 ㅠㅜ 고이 봉투에 담아 냉장 보관한다,2. 모기망에 넣어놓고 같이 산다,3. 기다렸다가 해바라기 씨 먹어야짐 ㅎㅎ
S,나는 속상하다,나는 질색하고 쫓아낸다,나는 없앨수있는지 당겨본다
S,1. ?,2. 미쳤다,3. 귀엽다
S,맛있겠다고 생각한다,거부한다,텔레토비가 됐다
S,1. ? ㄹㅇ 무슨 소리야,2. 거절한다,3. 뽑아본다
N,나는 좀 더 달콤하게 기타를 치는 사람이다,모기는 안돼 죽여버린다,머리를 세게 흔들어서 해바라기 씨를 수확해본다
S,빡침,나한테 왜 이러는건지 어질어질함,신기함
N,1. 젤리 기타도 소리가 나는지 확인해본다,2. 나를 물지않는 조건을 건다,3. 머리띠 쓴줄알면 어쩌지 하고 걱정한다
S,젤리다,알겠다,해바라기
S,슬프다,유리병에 가두고 바닷가에 던져버린다,자른다
N,울면서 기타를 알아봤다,진공에 가둬버린다,잘라서 꽃병에 보관한다
N,안 썩게 만든다,이유를 물어본다,"뭔 야 이건,,, ㅠ"
S,- 뭐래는 거야 ..,#NAME?,- 엥 ?
S,1.안돼 내 기타ㅠㅠㅠㅠ,2.미치겠다 너무 싫어,"3.어떡하지, 뿌리까지 뽑힐까? 뽑아도 다시 자랄까? 남들 앞에 있을때 자라면 어떡하지?ㅠㅠ"
S,어이없다,꺼지라 욕한다,황당하다
S,뜯어먹어본다,정중하게 나가달라고 부탁한다,병원에 간다
S,먹고 새로산다,거절한다,병원간다
S,1. 유리통에 보관한다,2. 도망친다,3. 사진을 찍는다
S,1. 슬프다,2. 화난다,3. 병원에 간다
N,다시 기타로 돌아가게 하는법을 찾는다,불사조라고? 휴지로 꾹 눌러서 진짜 안죽는지 시험해본다,해바라기...... 안 뽑히면 그냥 같이 산다
S,1.먹어본다,2.싫다,3.운다
S,1. 보관한다,2. 다른집가서 살라한다,3. 해바라기 뽑아서 심는다
S,1.먹는다,2.죽고싶다,3.쓰다듬는다
S,1. 언제 다 먹음? = 먹는다,2. 가둔다 - 못 죽이니까,"3. 자른다 - 일단 해바라기가 자랄 때마다 자를듯, 나중엔 병원가거나, 뽑는 건 하이리스크"
S,나는 마법사다!,나는 도망간다!,나는 당황스럽다!
S,먹는다,거절한다,조금 더 귀여워져 버렸다
S,1. 먹는다,2. 싫다,3. ......? 당황한다
N,1. 운다,2. 운다,3. 운다
N,1.기타 모양 젤리이면 연주해본다!!!,2.날 물고 나도 불사조로 만들어 달라고 한다!!!,3.원래 텔레토피인가…????
S,1. 안 믿는다,2. 나대지 말라고 한다,3. 뽑아버린다
N,1. 나는 젤리나라 최고 기타리스트,2. 내 피는 안 먹겠다고 약속해조...,3. 이제부터 해를 사랑할거야
N,1: 어처구니가 없다,2: 짜증난다,3: 꽃을 본다
N,혹시 또다시 기타로 변할 수 있으니 고이 모셔둔다,바로 잡아서 밀봉하고 냉동실 저밑에 넣어둔다,머리 위에 달고 다닐 순 없으니 잘라서 꽃병에 넣는다
N,1. 어이가 없다,2. 거절한다,3. 일단 사진을 찍어둔다
N,1. 먹는,2. 도망간,3. 기른
N,1. 일단 사진부터 찍어서 친구들한테 이 어이없고 황당한 일에 대해 잔뜩 이야기하고 다닌 뒤 먹어서 기타 젤리의 맛은 기타 맛일지 젤리 맛일지 확인해본다,"2. 불사조 모기면 절대 같이 살기 싫은데,,, 불새처럼 뜨거우랴나? 약간 그 모기가 무는 곳마다 살이 익을 슈도 있을까",3. 거울을 보ㄱ 해바라기를 뽑아보려다 뇌랑 연결됐을 수도 있다는 생각에 일안 병원으로 당장 향한다
N,1. 언제 다시 기타로 변할지 모르니 젤리를 소중히 보관한다??,2. 나를 물지 않고 내가 싫어하는 사람만 물어준다는 조건하에 승낙한다??,3. 영상을 찍어 유튜브에 올리겠다??
N,너무 속상할거같다 혹시 다시 돌아올 수 있으니 먹지는 않는다,정말싫다,우와 공짜 머리띠
S,유리 보관함에 보관한다,미안해 난 너와 함께 살 수 없을 거 같아 라고 회유하며 모기의 앞날과 미래를 응원해주고 다른 곳으로 보낸다,거울을 보고 비명을 지르지만 이내 머리를 흔들거리며 동생에게 다가가 자랑한다
S,엥?,싫,자른
S,부서지지 않게 잘 보관한다,가두거나 멀리 보내버린다,사진을 찍어둔다
S,먹는다,욕한다,놀란다
S,신기하,모기장을 사거나 모기를 넣을 수 있는 투명한 플라스틱 박스를 살 것이,없앨 수 있는 방법을 찾고 없으면 매우 부끄러워서 집에 숨다가 세상에 이런일 제보한
N,1.젤리를 튕겨도 기타 소리가 더이상 안 나 아쉽다,2.평생 빨릴 피를 내가 가지고 있지 않아 두렵다,3.해바라기가 죽지 않으려면 햇빛을 얼마나 쐐야 하나 검색해본다
N,나는 '젤리기타를 얻었'다.,나는 '나를 절대 물지 않기로 각서를 쓰라고 했'다.,나는 '해바라기씨를 뽑아 먹을 수 있게 되었'다.
N,울면서화낸다,싫다고한다,병원에간다
N,1.그래도 쳐보고 싶다 줄 하나하나..,2.너무 싫다,3.오 귀여울 것 같다
S,안먹고 놔둔다,거절한다,징그러워한다
S,황당하다,죽인다,그냥 둔다
S,하리보?,싫다고한다,떼 버린다
N,먹었다,잡았다,다시잤다
N,기타 헤드만 한 입 먹어본다. 사진 찍어서 내 기타가 젤리가 됐다고 신기해 하며 인스타에 올린다.,모기가 적어도 나는 안 물리게 락앤락 통으로 가두고 테이프로 밀봉한다. 근데 돌아다니다 락앤락 통 차버리면 또 잡아야 되는데 어쩌지? 창고에 가둘까..,나는 사진 해바라기와 동체가 됐으니 나는 꽃이다! 꽃이라고 말하고 다닐거다. 근데 머리감을 때 어떡하지? 꽃에 물 많이 줬다고 시들지 않으려나
N,아쉽지만 젤리를 보관해둔다,모기 밖으로 쫓아보낸다,신기하니까 일단 사진 찍고 밖을 나가야 하는 상황이 오니까 꺾어서 화분에 심어둔다
N,#NAME?,#NAME?,#NAME?
S,먹어본다,이사간다,잘라버린다
S,꿈을꿨나보다,싫다,해바라기를 꺾었다
S,1. ....?,2. 굳이...?,3. ㅇ0ㅇ....?
N,레진 같은 걸로 보존해서 키링 만들어 다른 기타나 내가 매일 지닐 수 있는 곳에 달기,곤란한데...... 다른 숙주 찾아,이제 헤드셋 못 끼나?
N,1. 엥??? 이게뭐야? 황당해한다,2. 왜 같이 살고싶은뎅? 물어본다,3. 에엥?? 놀라며 친구한테 전화해서 나 지금 이렇다하며 썰을 푼다
N,1. 이제 세계최초로 젤리로 만들어진 기타를 연주할 수 있는 기타리스트가 되었다,2. 평생 모기에 계속 물리면서 모기약만 바르게되었다,3. 해바라기를 빼기 위해서 수목원에 갈지 내과에 갈지 외과에 가야할지 고민한다
N,신기해하며 사진 찍은 다음 먹고 잊어버린다,거절하고 새로운 룸메를 연결해준다,친구들에게 보여줄 사진을 찍고 뗀다
N,한 입 맛본다,안된다 한다,아프겠다
S,나는 모르겠다,나는 싫다,나는 안믿는다
S,한 번 쳐본다,싫다고 말한다,뽑아버린다
N,1. 혹시 나도 젤리인가... 나는 젤리다.,2. 나도 동족일지도... 나는 모기다.,"3. 내 정수리에 해바라기가 폈으면, 내가 땅이겠구나... 나는 땅이다."
N,나는 me쳤다,나는 me쳤다,나는 me쳤다
N,1. 신이다,2. 불사조니까 죽일수도없고 착한말 좋은말로 회유해서 싫어하는사람 한입씩 먹게하는걸로 공생한다,3. 맨날잘라서 당근에 팖 창조경제
N,한입먹어본다,피가너무많이빨려서죽었다,화분이다
S,슬프다,싫다,어떡함?
N,나는 사실 마법사다,그렇담 나는 절대 죽이는 모기살충제다,그러면 나는 다른 꽃도 피울 수 있으려나 싶은 사람이다
N,꿈인지 확인해본다,생각할 시간을 달라고 한다,지식인에 물어본다
N,1. 먹고 기타는 새로 산다,2. 통에 넣어버린다,3. 뿌리 뽑는다
S,젤리 기타를 쳐본다,내 피는 못준다고 한다,셀카를 찍는다
N,다시 돌아오진 않을까 며칠 밤은 둬 본,쫓아낸,진짜 해를 쫓아다니는지 해가 지면 시무룩해지는지 관찰한
N,궁금해서 맛을살짝보았다,싫다고하고 전기파리채로기절을시켰다,눈물이났다 뗄수있을까? ㅠㅠㅠ
S,일단 내일까지 기다려보고 다시 안 바뀌면 젤리 보관해놓기,더 좋은 집 소개시켜주기 ㅎ,일단 머리에서 뽑히면 뽑기...
S,1. 젤리다...??,2. 거절한다,3. 뭔 되도않는... 어쩌라는거지...???
N,엥 이게 무슨일이지 이럴 수가 있나 어이없다,으악 징그러워 절대 싫다,일단 웃고보는데 걱정됨 어디병원을 가야하지 가기 전에 기념사진 찰칵
N,기타만한젤리 껴안고 자보고싶다,절대 죽인다,해바라기 꺾어서 꽃집 열면 창조경제 가능...
S,1. 오 뭐여 한다,2. 싫다고 욕한다,3. 신기해한다
N,1. 기타모양 젤리이면 사진찍어서 올린다,2. 같이 사는 대신 내 피 먹지 말라고 계약서 작성한다,3. 머리띠를 쓰고 놀이공원 간다
N,1. 방부제와 함께 우선 기타 케이스에 고이 보관한 뒤 해결방안을 찾아본다,2. 죽을만큼 괴롭게 만들어주겠다고 협박해본다,3. 물을 줘본다..? 섣불리 뽑긴 무서우니까 병원에 간다
S,나는 보관한다.,나는 싫다.,나는 꽃이다.
N,나는 등가교환을 믿기 때문에 일단 보관해둔다 약간 맛만 조금 본다 (기타줄이 살짝 짧아질 것이다),나는 불사조 모기의 필요성을 알기 때문에 일단 그 아이의 방을 마련해준다,나는 일단 실험삼아 그것을 뜯어내본다 나를 플라워 정원이라 할 것 같은 사람들은 특히 마주치는 것을 피해본다
S,먹는다,죽는다,엥?
S,1. 일단 운다,2. 내가 얻는 이득이 뭔지 물어본다,3. 어떻게 가리고 수업에 갈지 생각한다
S,당황스럽다,절대 싫다,지식인에 쳐본다
S,1. 일단 한 번 맛 본다,2. 죽진 않더라도 가둘 순 있겠지 모기를 가둘 감옥 만들기,3. 오 유튭각인데 하고 영상 찍기
S,화가난다,싫다고한다,방송에 제보한다
S,기타를 다시산다,불사조모기를 죽일 방법을 궁리한다,빨리 병원에 간다
N,1.한 입 먹어본다,2.채집통에 가두고 피를 안먹고 언제까지 살아남는지 관찰한다. 끝까지 살아남으면 나 장례 치를 때 불쏘시개하라는 유언을 남긴다.,3. 셀카 찍고 싹뚝
N,기타 케이스에 넣어져 있으면 그대로 보관하고 덩그러니 기타만 있다면 잘라서 보관해둔다,이유를 물어보고 너는 평생 내 피를 빨아먹으면서 살 수 있지만 나는 어떤 부분에서 너랑 살면서 이득을 얻는지 물어본다 이유가 없다면 나중에 몰래 들어와 살 수도 있으니 잘 타일러 단호하게 돌려보낸다,만져본 다음 아프면 병원에 가고 아프지 않다면 잘라낸다 어차피 머리 감을 때 샴푸를 하니 오래 살진 못할 거다
N,보관한다,싫다,무슨일인지 알아본다
N,#NAME?,#NAME?,#NAME?
N,1. 먹어 버린다,2. 태워 버린다,3. 뽑아 버린다
S,1. 젤리 버전의 미다스이다,2. 주둥이부터 뽑고 오면 생각해보겠다고 말한다,3. 고흐다
S,화가 나지만 먹어본다,진짜 싫다,당황하지만 사진 찍는다
S,잘 보관한다,다른 주인 찾으라고 밖으로 내쫓는다,꺾어버린다
S,"아???내 돈,,,,",제발 저리가,말도 안 돼
S,1.먹는다,2. 피한다,3. 광년이다(?)
S,버린다,여러 방법들로 죽이려고 해본다,꺾어서 버린다
S,1.나는 먹어버린다,2. 나는 피가 맛있는 다른 친구를 알려준다,3. 나는 머리감을 때 꽃이 망가질까 걱정한다
N,다시 변하길 바라며 보관해둔다,제발 같이 안살수없는지 물어보고 거절..,사진찍어두고 모자쓰고 병원가본다
N,일단 그냥 둔다,당장 내쫓는다,병원에 간다
S,먹는,거절한,만져본
N,1.엥 이게 되나 내 기타…. 돈….,2.에 너랑 왜살아 절대 네버 노,3. 으잉? 갑분 해바라기? 근데 우히려 좋아 예브다
S,젤리다,싫다,귀엽다
S,먹는다,죽는다,아픈지 확인하고 안아프면 자르거나 뽑는다
S,먹는다,싫다고한다,누른다...?
N,1. 기타가 젤리로 변했다니...!한입먹어봐도될까?,2. 나는 이 모기를 키워보기로 했다. 그냥 돌아다니면 귀가 시끄러우니 큼지막한 집을 사줘야지.,3. 헐 세상에나 머리에 꽃이 자라나다니! 일단 인증샷을 찍고나서 자세히 봐야지. 머리카락속에 뿌리가 박혀있는건가?어디까지 자라려나?
S,먹는다,싫다,물을 준다
N,1) 아니 누가 이런거야 ㅠㅠ 근데 소리는 나나..? 근데 이런 모양이면 비싸게 팔릴 듯..? 함 팔아봐야지~,2) 내가 공격하면 얘도 날 공격하겠지..? 적으로 만들 이유는 없으니 우리 가족 물지말라고 부탁해야겠다 ㅠㅠ,3) 오잉..? 시들면 어떡해..ㅠㅠ 항상 파릇파릇한 모습으로 있는다면 열심히 가꿀 생각 있습니다 가끔 배고플 때 씨 하나 빼먹고 개꿀?
N,1. 헐 아니 이게 실화야? 거짓말.. 하며 한입 먹어 본다 ,2. 불사조라는 것이 믿기지 않아 한번 죽여보고 살아나면 미안하지만 거절한다,3. 헉 해바라기씨 먹을 수 있네 오히려 좋아 (?
S,뭔소리야 그럴수가있나,내가 때려잡아도 살려나,떼야지
N,1. 나는 짜증난다... 아니 근데 젤리로 왜 바뀌는거지 왜 하필 젤리야 먹어도 되나?,2. 내가 왜 모기랑 같이 살아 장난하냐 너같으면 귀옆에서 왱왱거리는데 같이 살고싶겠냐? 전기파리채로 지져버릴라,3. 줄기를 자르면 나는 죽는걸까? 라고 생각이든다
N,1. 먹어본다,2. 거절한다,3. 사진을 찍는다
S,슬프다,너무 싫다,사진찍고 짤라버린다
N,황당하다,싫다고 한다,사진 찍어서 친구한테 보여준다음 병원에 간다
S,슬프다,가둔다,정수리 뿌리부분 만져본다
S,먹는다,거절한다,병원간다
S,1. 화가난다,2. 거절한다,3. 뿌리를 뽑는다
N,소리가 나는지 연주해본다,나 안 물 거냐고 물어본다,뽑을 수 있는지 살짝 당겨본다
S,다시 기타로 변할 수도 있으니 잘 보관한다,거절한다,사진 찍는다 (거울샷 필수???)
S,나는 젤리기타다,나는 이제 유부녀다,나는 돌연변이다
N,1. 혹시모르니 냅둔다.. 근데 궁금하니까 살짝 맛보기,2. 나를 물건지 물어보기.. 근데 내쫓고싶을듯,"3. 나만 그런건지 검색해본다, 일단 뽑아보려한다"
S,1. 먹어버리겠다,2. 죽어버리겠다,3. 미친사람 취급받을 수도 있겠다는 생각이 든다.
N,소리가 나는지 연주해보고 기타로 다시 돌아오기를 빌며 보관한다,밖으로 내보낸다 아니면 내가 나간다,일단 사진을 찍고 털어서 해바라기씨가 털리는지 시도해본다 그리고 무거우면 따고 무겁지 않으면 달고다닌다
S,당황스럽다,진짜 싫다,어이없어서 웃기다
S,1.기타는 어디가고 젤리가 있지? 먹으면서찾아본다,2. 뭐래!? 꺼져라 해충아,3. 재밌는 꿈을 꾸고있네! 라고생각한다
S,1. 이게 가능한가..? 뇌정지,2. 그냥 컵 같은 곳에 가둔다,3. 가위로 자른다
S,나는 놀랐다,나는 거절한다,나는 사진 찍는다
N,벌레가 꼬이지 않게 방부처리를 한다.. 내 기타 아까워ㅠㅠ,모기랑 같이 살기는 싫으므로 거절한다,해바라기를 관찰하고 셀카 찍는다
S,아쉽다,절대 절대로 싫다,유명해진다
N,1. 빨리 기타로 돌아오지 않으면 먹어버리겠다고 협박한다,2. 일단 동영상을 찍어 SNS에 올린다 님들 이거 보셈 안 죽는 모기임! 진짜 안 죽는다니까?? ㄹㅇ임! 영상 조회수를 있는 힘껏 뽑아낸 후 한겨울 영하 -10도의 날씨일 때 쫓아낸다,3. 나에게 큰 병이 생긴 건 아닌지 온갖 호들갑을 떤 후 인증샷을 찍는다 근데 해바라기 피면 밖에 나가면 해를 따라 고개가 돌아가는 해바라기를 볼수 있는 건가여? 그건 좀 흥미로운데?
N,1.아…내기타 아깝다.. 근데 이렇게 두면 벌레꼬일텐데 ,2.극혐!!! 가둬서 안보이는곳에 둔다,3.싫다..무섭다 뿌리를 어디에 내린거지….?
N,난감하다,쫓아낸다,“뭐야 이거” 한다
N,통에 보관해두기,같이 살고 싶다고 하는 이유부터 들어보기,햇빛 쬐러 나가기
S,친구들이랑 가족한테 기타가 젤리로 변했다고 알린다,온 몸에 기피제 바르고 방송국에 제보한다,사진 찍고 방송국에 제보한다
S,젤리가 썩기 전에 얼른 먹는다,모기를 내쫒는다,정수리에 물을 준다
S,1.먹는다,2.싫다고한다,3.뽑는다
S,충격에 입을 못 다문다,너랑 같이 살아서 뭐해? 라고 말한다,가위로 잘라버린다
S,망했다 기타 또 사야되네,조졌다,드디어 미쳐버렸나 보다
N,1. 내돈 내 기타 돌려내,2. 욕한다,3. 뽑는다
S,무슨 맛인지 궁금하니까 한입만 먹어본다,싫다고 한다,병원에 가서 제거한다
N,나는 마법사인것같다,나는 불사조모기와 매주 일정량의 피를 제공할것을 계약한다(대신간지러우면 죽음특약사항 추가),나는 해바라기를 꺾어 꽃병에 꽂아놓는다
N,거지,망했,조졌
N,맴이 아프다,절대 싫다,징그럽다
N,일단 한번 튕겨본다,싫다고 꺼지라고 한다,헐 뭐야 이거?!?!?!?!!! 찐임?!?!?!!!이라고 한다
N,허탈하게 웃다가 맛본다,계속 날아다닐거냐고 물어본다,멋진 아이덴티티를 가지게 됐다
N,먹는다,딜을 한다 (예를들어 내가 싫어하는 사람 발바닥을 물어달라거나),뽑는다
N,한참을 쳐다본다,죽여본다,사진을 찍는다
S,다시 돌아올수 있으니까 기타 가방에 넣어서 보관한다,가둬놓고 아무곳도 못 가게한다.,사진 찍어서 제대로 확인
N,살짝 핥아본다,조금 고민해본다,사알짝 진짜 조금만 뽑아본다
N,마법사,운없는 사람,흙
S,놀랐다,싫다,병원에 간다
S,슬프다,절대 같이 안 산다,꿈인가 싶어서 만져본다
N,1. 귀여워 한다 말랑말랑 한정판 젤리 기타 비싸게 팔 생각한다,2. 거절한다 우리 가족이랑 내 피는 먹지 말아달라고 부탁한다,3. 해바라기 시들면 내 머리도 아파질까봐 걱정한다 일단 물을 준다 근데 머리 어떻게 감지
S,먹었다,죽였다,사진을 찍었다
N,기타맛이 나나 먹어봤다,싫다고 했다,꽃이 너무 궁금해 일단 키워본다
N,젤리도 소리가 나나 쳐본다,나는 물지 않는다는 조건을 건다,셀카를 찍는다
N,소리 나는지 쳐보고 소리 나면 오히려 특별한 기타돼서 더 좋다,너무 싫다고 하고 문 쾅 닫고 창문도 잠근다,뉴스 보고 인터넷에 비슷한 사례가 있는지 뇌나 심장과 연결된 건 아닌지 찾아본다....
N,마술사,진시황제,도라에몽
S,대체 왜?,꺼져,자른다
S,엥?,싫다고 함,올ㅋㅋ 유니크한 인간이 되었군
S,1. 혹시 다시 기타로 돌아올지도 모르니 보관한다,2. 변기로 유인해 물을 내린다,3. 뿌리를 뽑아도 내 몸에 이상이 없으면 뽑는다. 근데 그 전에 사진은 한 장 남겨둘 듯
S,?,?,화분
N,1. 젤리를 씹었을때 기타 소리가 나나 들어본다,2. 모기가 나에게 수혈하면 나도 불사조....?,3. 내 기분에 따라 해바라기 꽃잎이 폈다 졌다 하는지 본다
S,??/오 기타모양 젤리 먹는다,꺼져,꿈인가 안 뽑히면 숨길 방법 찾는다
N,속상하다 ,거절한다,사진 찍어본다
S,뜯어 먹는다,사지를 분리 시킨다,이게 뭐지..? 한다
N,젤리기타를 가지고 있다,모기가 나를 물지않기로하는 계약서를 작성했다,모자를 쓰고 출근했다
N,#NAME?,#NAME?,#NAME?
N,조심스럽게 만져본다 ,어떻게든 내쫒는다,꽃이 피니 더 예쁘다
S,방에 전시해둔다,싫다고 거절한다,잘라서 화분에 옮긴다
N,살짝 핥아서 맛 본다,거절한다 계속 매달리면 가둠,어 혹시 나 소설속 캐릭터?
S,먹는다,전기채로 지져본다,밑둥을 잘라본다
S,욕한다,죽인다,인터넷에 무슨 일인지 검색한다
N,나는 증거를 모아서 인터넷에 올리거나 연구실에 제보해야지 아니면 궁금한 이야기 y 그러면 우리나라 그리고 세계 각지에서 토픽이 될 테니까 사람들이 연구하려고 막 오고 인터뷰도 따고 그러겠지 기타의 젤리화 나는 실험에 참가하고 실험체도 제공하고 돈 많이 받겠지 끝나면 유튜브도 해야지 젤리기타녀로 스타가 되겠지 커밍아웃 하고 사람 만나야겠다 야호,2. 절대 죽지 않는 모기가 있다? 하면서 동물농장과 세상에 이런 일이 궁금한 이야기 Y 그알에 제보하고 실험하고 참여하고 유튜브 근데 그 모기가 어쩌면 인간에게 영생을 가능케 하는 단초가 되지 않을까요 그래서 막 영생을 보장해 주는 약 개발하겠지 난 모기 주인이니까 개발에 참여하고 제약회사 주식도 잔뜩 사놓아야지 이건 주가조작인가 감옥 가면 어떡해요 하지만 난 영생인데 무기징역만 아니면 의미 없는 것 아닌지 늙지도 않나? 그랬으면 좋겠다 야호,3. 1 번이랑 같을 듯 근데 머리가 너무 아플 것 같아요 뿌리는 어디에 내리는데?
N,방에 전시해둘 것 같아요 그리고 다시 기타로 돌아올 수 있는 방법을 찾을 듯,음... 이건 굳이 같이 살아서 좋을 이유가 없는데 왜 이런 질문이 있는지 모르겠네요 불사조 모기가 같이 살면 뭐 100억을 준다? 이럼 살죠,헐 해바라기 너무너무너무 예쁘겠다!!! 제가 젤 좋아하는 꽃... 매일 물 주고 안 시들게 예쁘게 관리하고 싶어요 근데 뒤척거리면 잎이 다 뜯기려나 그건 안되는데... 이왕 생긴거 잘 관리하고 싶은데
N,이거 왜이래 하면서 만져본다,대신 다른 모기들을 쫒아내달라고 한다,물 한 번 주고 모자쓰고 다닌다
S,젤리다...,불사조다...,해바라기다...
S,1. 좌절한다,2. 밀봉해서 가둔다,3. 꿈인가?
S,슬프다,거절한다,외계인이다
S,먹지 않고 보관한다,거절한다,사진을 찍는다
N,운다,싫다,당황스럽다
S,뭐라는거야??,와 진짜 싫다,뭐라는거야??
N,먹는다,이사간다,뽑는다
N,joat 됐다,joat 됐다,joat 됐다
N,나는 거지다,나는 도망갔다,나는 미쳤다
N,먹는다,가둬 놓는다,꿈인 줄 알고 다시 잔다
N,나는 너무 슬프다ㅠㅠ,나는 연구소에 돈 받고 팔아버린다,우왕 나는 사진을 찍으며 신기해한다
N,1. 무슨 맛인지 핥아본다,2. 거절한다...최대한 상냥하게,3. 아픈지안아픈지 만져본다
N,기타를 먹어본다,모기를 테이프로 붙여본다,해바라기를 떼고 냄새를 맡아 본 후 내 정수리가 어떻게 생긴지 확인한다
N,기타줄 하나씩 뜯어서 먹는다,그럼 다른 모기들 접근 못 하게 막으라고 한다,찍어서 인스타에 올린다
N,먹는다,도망간다,사진을 찍는다
S,먹는다,싫다,뽑는다
N,슬프다,불사조 모기를 가둬놨다,해바라기를 잘라냈다
S,1. 혼자 쳐보다가 될 리 없이 하고 실실 웃으면서 먹는다.,2. 같이 살자고 말을 한 건가? 모기가 말을 할 수 있나? 말 못하면 그냥 죽일 거 같은데 말 할 수 있으면 다른 곳 알아보라고 내보낸다.,3. 내 머리카락이 뿌린가? 뽑으면 머리카락도 뜯기나? 탈모는 곤란. 가위로 잘라낸다.
N,?,?...,뭔 소리야.. 출근해야되는데..
N,1. 먹어본다,2. 너 내 피 빨아먹고 살 거잖아 싫어라고 한다,3. 해바라기 씨도 먹어보고 줄기를 잘라도 계속 나는 지 실험해본다
N,"1.먹지 못하는 젤리네,,슬프다",2.덜덜 떨며 일단 감옥을 만들어 가둘것이다,3.오씨 머야 일단 사진 찍어
N,이걸 먹어야하나 아님 보관해야하나 어떤맛일지 궁금함,어떻게든 잡아서 가둬놓을듯 못죽이면 나를 아예 못물게 만들기,일단 사진찍어서 스토리부터 올린 다음에 살짝 건드려보고 샤워하면서 물도 줘본다음에 줄기 자를것 같아요
S,나는 나다,나는 나다,나는 나다
S,돌아올 때까지 잘 보관한다,거절한다,헤도로
S,당황스럽다,거부하겠다,놀랄 것이다
N,1. 나는 놀라면서 무슨 맛 젤리인지 궁금해한다. 트롤리가 아닐까? 생각한다,2. 나는 쓸모없을 거니깐 나가라고 한다,3. 우와 뽑으면 ㅁ부리도ㅠ나오나? 큰일났다 더듬 거리며 119를 부른다
N,1. 나 젤리 안좋아하는데 왜 하필 젤리징ㅠ,2. 각방쓰자..,3. 가족들한테 머리 보라고 해볼듯!
S,#NAME?,#NAME?,#NAME?
S,나는 운다,나는 거절한다,나는 잘라버린다
S,먹는다,ㄱ거지라고 한다,뽑는다
N,먹는다,(#*&$(@@(#,물을준다
N,먹는다,내 피를 먹지 않는 조건으로 허락한다,뽑아도 되는 건지 물을 줘야 하는 건지 등등 인터넷을 뒤져본다
S,젤리요?,전기모기채로 죽인다!,해바라기요..?
N,"일단 충격받고 좌절,, 다음엔 어떻게 손상 안 되게 보관할지 생각해보기",절대 싫음 작은 유리병에 담아서 버리기,사진 몇장 찍고 피부과가기
N,일단 먼지 안타게 유리병에 넣는다,같이 사느니 내가 죽는다고 말한다,뿌리가 뽑히는지 확인한다
S,허망하,유리상자에 가둔,미친ㄴ이
N,놀랐다 ,절대 싫다고 했다 ,뽑았다
S,1.나는 슬프다,2.나는 이사를 가야겠다,3.나는 꽃이다
N,먹는다,거절한다,꽃이다
S,망했다,도망친다,자른다
N,일단 연주를 해보았다. ,제발 내 눈앞에서 사라지라고 했다.,의문스러웠지만 일단 예뻐서 좋았다.
N,1)일단 보관해두고 인터넷 검색,2)밀폐용기에 가둬두고 탈출하는지 수시로 확인,3)오 너무 신기한데?? 사진 많이 찍어두고 좀 놀다가 연구소 찾아가기
N,1. 울면서 기타를 새로 산다,2. 피를 빨지 않아도 죽지 않으므로 피를 빨아먹을 시 벌금을 내는 조항을 건 계약서를 쓰고 같이 산다.,3. 당장 꺾어버린다.
N,나는 슬프다,나는 싫다,나는 해바라기를 자른다
S,?,?,?
N,젤리 기타? 신기해하며 작동이 잘 되는지 실험해본다,절대 싫다고 하고 분석해본다. 어떤 원리로 불사라는 거지?,한번 키워보며 관찰일지를 써본다. 내 뇌에 영향이 있을지 없을지도 생각해볼듯!
S,돈아까워한다,기겁한다,해바라기를 뽑는다
S,일단 한 입 먹어본다,다른 집을 찾아가라고 한다,내 뺨알때기 한 대 먼저 쳐본다
S,먹어본다,잡아서 가둬놓는다,해바라기 씨 뽑아보고 안 아프면 뽑아본다
N,나는 마법사다,나는 모기를 감금한다,나는 신나게 돌아다닌다
S,돈이 아까워졌다,소름끼쳤다,뿌리가 뇌에 박힌건지 걱정된다
S,젤리기타를 가진 사람,불사조 모기가 같이 살자고 한 사람,정수리에 해바라기가 핀 사람
S,화낸다,같이 살 다른 사람을 추천해준다,병원에 간다
S,먹는다,뭐래,..?
N,다시 기타로 돌아올 수도 있으니 안 먹고 놔둔다,창 밖으로 내쫓는다,혹시 나도 꽃...?
N,쳐본다,가둬둔다,꺾는다
N,나는 기타와 한 몸이 되었다,나는 매일 방충복을 입게되었다,나는 애니메 주인공이 되었다
N,1. 젤리를 한입 베어 먹어본다.,2. 진짜 안 죽는지 때려본다.,3. 일단 꽃을 꺾어서 구경한다.
N,나는 윌리 웡카다,나는 뭐든 죽이는 전기 파리채다,나는 강아지똥이다
S,(젤리를 싫어해서)동생에게 먹으라고준다,죽여본다,병원에 찾아가서 없애는방법을 알아본다
N,운다,싫다,자른다
S,나는 어이없다,나는 싫다,나는 개어이없다
N,운다,개빡친다,웃겨서 웃다가 현실을 자각하고 고뇌에 빠진다
N,먹어본다,거절한다,모자를 산다
S,1 망했다,2 피한다,3 물을 준다
N,1 이 기타가 얼마짜린데 미쳤나,2 같은 종끼리 만나라,3 뽑는다
N,부위별로 먹어본다.,때려죽인다..!,물을 줘본다
N,1.한입 먹어볼까 하다가 제일 아끼는 기타면 기타로 다시 변해서 연주해야되는데!? 싶어서 못 먹음,2. 단칼에 거절,3. 거실로 나가서 가족들한테 자랑함 그리고 어떻게 할지 고민
N,1. 맛을 본다...하지만 사진 찍는 것을 까먹어서 절망하며 한입 베어져 있는 기타젤리를 사진 찍어 친구에게 자랑한다.,2.완전 질색을 하며 제정신이냐고 물어보고 뒤도 돌아보지 않고 최대한 멀리 떨어진다. (가능하면 접근금지를 신청할 정도로 소름이 돋았다),3. 정수리에 있는 해바라기를 보다가 해바라기가 해빛을 따라 고개를 바꾼다는 것이 떠올라 내 머리 위에 있는 해바라기도 그러한지 2~3일에 걸쳐서 실험을 해본다
N,큰일이다,그건 안되는데,"귀여울듯, 밖에 나갈땐 모자로 가리고 다닌다"
S,나는 어이가 없다,나는 싫다,나는 웃긴다
N,1. 나는 안은영이다.,2. 나는 모기장이다.,3. 나는 화분이다.
S,1 따로 잘 보관한다,2 거절했는데 안되면 한곳에 가둬놓는다,3 사진이나 동영상 찍은 후 자른다
N,#NAME?,#NAME?,#NAME?
S,눈에 보이는 곳에 세워 놓는다,거절한다,해바라기가 맞는지 거울로 확인해 본다
S,1. 뭔소리야,2. 안문다는 전제조건하에,3. 웃는다
S,눈 비비고 다시 볼 것 같다,이상한 말 하지 말라면서 눈으로 욕한다,신기해하면서 사진 찍어둔다
S,아 내 돈...,지구 반대편가서 평생 혼자 살렴,출근하기 전에는 떼야하는데..
N,잘 보관해둔다.,잡아서 연구기관에 기증한다.,병원에 가본다.
N,놀라서 한참 쳐다보다 한 번 깨물어본다.. 뱃속에서 다시 원래소재로 돌아갈지도 모르니 삼키진않는다,모기가 말도 꺼내기전에 때려잡았다(애초에상종안함),머리를 어떻게 감아야할지 심란하다
N,1. 사진을 찍는다.. 그리고 혹시 젤리가 기타로 변했을지 모르니까 확인해본다. 한 입만 깨물어본다.,2. 대신 나를 물지 말라고 한다 . 약속을 어길시에는 유리병에 가두겠다고 협박한다.,3. 세상에 이런일이에 제보한다.
N,1. 내가 아끼는건데 이게 무슨일이야... 먹을 수 있나??,2. 나 안물면 같이살게 해줄게 근데 나랑살면 피 못먹을텐데 못먹으면 어떻게 살아갈려고??,3.미쳤네.. 병원가야되나.. 특이한 사례로 어디 잡혀가서 실험당하면 어떡하지
N,1. 슬프다,2. 헌터다,3. 화분이다
N,싫다,싫다,싫다
N,혹시 돌아올지도 모르니 보관한다,죽일 순 없으니 가둔다,자랑한다
S,어이없다,거절한다,뽑아버린다
S,기타를 새로산다,냐고 한다,우와 신기하다
N,어이없어하면서 사진이나 그림으로 기록한다,모기를 죽이려고 시도한다,건드리면 아픈지 거울을 보며 해바라기 줄기를 당겨본다
N,1 속상하지만 먹는다,2 에프킬라 뿌린다,3 햇빛 보여준다
N,1. 말랑...말랑.... 진짜 별 생각 안 드는데요 말랑말랑...,2. 이게 뭔 소리야 가세요,3. 햇빛 쬐러 간다
N,보관한다,거절하고 미안하다고 말한다,집에 나가지 않는다
N,1 기타를 아끼지 않는다,2 잡아서 연구소에 넘기고 돈을 받는다,3 해를 따라 진짜 움직이는지 본다(근데 아프지 않을까..)
S,그대로 놔둔다,죽인다/가둬놓는다/떠나보낸다,모자쓰고 등교
N,한입 먹어본다,내가 왜..?,사진 찍어서 올린다
S,헐 망했다 어떡하지,내 주변에 안 오고 눈에 띄지 않기로 약속하면 그렇게 하자,어떻게 숨길지 고민한다
S,먹어본다,왜? 나는 혼자 살고 싶고 집세는 내가 부담하고 있으니 거절한다 그래도 금전적 사정으로 갈이 살게되면 집세는 어떻게 나눠 부담할지 집안일 분담 어떻게 할지 누가 어디서 잘지 구체적인 걸 정하고 내 피를 빨면 바로 나가기로 계약 조항을 건다,광합성을 해줘야 하나?
N,1. 아끼는 기타가 젤리가 된건 아쉽지만 난 젤리를 좋아하니까 야금야금 먹는다,2.내 피 안뽑아 먹는다는 약속을 받아들인다면 좋다,3.이제 인간 해바라기다ㅏ 근데 다른 꽃이면 더 좋겠당
S,1. 얼탱이가 없다,2.가라고 한다.,3. 병원에 간다.
N,얌,으,꺄
S,1. 냅둔다,2. 가둔다,3. 병원간다
S,1.기타젤리도 연주가되나?한번 연주해본다,2.물지않을거냐고 물어보고 안물면 같이산다,3.오엥 물도 줘야하나??머리에다 물부어야하나?
S,엥이다,싫다,엥이다
N,기타를 쳐본다,넌 어떻게 말을 할 수 있냐고 물어본다,뽑아본다
N,하리보가 좋,너무 싫어서 도망가고 싶,줄기를 자를 수 있는지 확인한다
S,다시 기타로 변할때까지 놔둔다,병에 가둔다,그냥 평소대로 지낸다
S,1. 괄호에 어떤 말을 넣어야 할지 모르겠어요..,2. 싫,3. 징그럽
S,1. 뭔소리여,2. (안읽음),3. 징그럽다
S,1. 뭔소리야,2. 이건 뭐야,3. 와 이게 젤 뭔소린가 싶네
N,1. 슬프다,2. 진짜 싫다,3. 이게 가능한 일인가? 싶다
N,기타 헤드부분을 조심스럽게 베어 먹어본다.,피를 나도 빨아야 하는지 물어본다.,꽃이다
N,맛있겠다,싫다,잘라서 보관한다
N,나는 기왕 변한거 포도맛이길 바란다,나는 하루에 한 번 피를 줄테니 너 외에 다른 모기는 못 물게 지켜달라고 말한다,나는 반려식물이 생겼으니 자주자주 말을 걸어준다
N,1. 무슨 맛인지 궁금해서 조금 뜯어먹어본다,2. 모기 친구들 곁으로 보내준다,3. 햇볕 아래에 서있어보기
N,1.먹는다,2.가둔다,3.뽑아서 기른다.
S,1.돈이 너무 아깝다,2.뭐래 웃기지마,3. 자른다
S,믿기지 않았다,싫다고 한다,잘라버린다
S,나는 기타다,나는 싫다,나는 꽃이다
S,1 당황했,2 싫,3 최초의 식물인간?
S,나는 000이다…,나는 죽는다,나는 자른다
S,1.뭔소리야?,2.안죽을수가 있나?,3.꽃피였는데 어쩌라는거지
S,1. 뭐 어쩔거야 먹는다 ,2. 어떻게든 나에게서 떨어뜨려둔다 가둬놔야지,3. 뽑는건 안될거같고 매일 줄기 자름
N,1. 나는 젤리다.,2. 나는 불사조가 아니다.,3. 나는 해를 찾을 수 있다.
S,1. ?,2. ?,3. 꽃 단 미를 친 여자..?
S,1. 어이없,2. 싫,3. 귀엽
N,1. 악 내기타!! 내기타!! 내기타내놔!!! 근데 이걸 언제다먹어!!!ㅠㅠ,2. 아니? 절때안돼!! 너 미쳤구나?,3. 내머리에서 해바라기가 자랐다고? 일단 인방부터 켜야하나? 유튜브부터 시작해야하나? 그럼 내키는 해바라기가 자란만큼인건가?
S,1. 에?뭔소리지 아~... 슬프다,2. 싫다,3. 놀랬다
N,1. 깨물어 본다,2. 밖으로 당장 내 쫒는다,3. 정수리와 해바라기의 이어진 부분을 만져본다
S,슬프다,짜증난다,이런 것 좀 이제 그만 하면 안돼?
N,먹는다,죽인다 ,뗀다
S,1. 충격을 받는다,2. 거절한다,3. 사진을 찍어서 친구들에게 보낸다
S,오 신기해한다,싫다,우선 나가야하니까 꺾는다
S,그걸 나 보고 어쩌라고,그걸 나 보고 어쩌라고?,그걸 나 보고 어쩌라고??
N,안 돌아오는 건가..? 내 기타... 웨얼...,오바... 내가 왜...,헐 쩐다 꽃인간이 된 건가! 기분 안 좋으면 시드나?
N,줄을 잘라서 먹어본다. 다시 기타로 변해도 줄을 다시 끼울 수 있기 때문이다.,수혈팩을 구해줄테니 내 피를 먹지 말아달라고 한다.,"살짝 뽑아서 아픈지, 뿌리가 뇌랑 연결되있는건 아닌지 확인한다."
S,1. 기타를 다시 찾아본다.,2. 이사간다.,3. 꺾어서 버린다.
N,1. 내 기타.. 내 기타..!,2. 왜 같이 살자고 하지? 내 피 빨아먹게? 내가 잡아도 안죽나?,3. 뽑아보려고 시도한다 아플까
S,1. 먹어본다,2. 에프킬라 주스 한잔 건네준다,3. 사진찍는다
S,???,싫다,당황스럽다
S,아까워한다,거절한다,자르지 않을까? 일상생활 해야 하니까…
N,1. 젤리로 기타가 쳐지는지 실험한다,2. 싫다고 거절하고 도망간다,3. 머리위에 해바라기 씨앗 털어보기
S,1. 꿈이 덜 깼는지 확인해본다,2. 진짜로 불사조 모기인지 당장 때려잡아 본다,3. 이건 확실히 꿈일 것이다
N,#NAME?,#NAME?,#NAME?
S,먹어본다,싫다,신기해한딘
S,1. 황당하다,2. 거절한다,3. 혹시 내가 해바라기?
N,1.헐 이게 머지?? 하고 사진찍어서 SNS에 올린다!! 그리고 안먹고 진공상태로 만든담에 영원히 보관한다!! 아끼던 기타니까!!,2.평생 나 안무는 조건으로 동거를 허락한다!!!!,3.헐 내가 인간 헤헷몬이라니!!!하고 팬싸가서 여상이한테 보여주깈ㅋㅋㅋㅋㅋㅋㅋㅋㅋㅋ
S,1. 어이없다,2. 거절한다,3. 이상하다
S,손해봤다,개싫,해바라기
N,1. 맛이 어떤지 살짝 맛보고 맛있으면 먹고 아니면 기타로 되돌릴 방법을 찾는다.,"2. 내 피 빨아먹지 않기, 월세는 어떻게 할건지 등등 정해서 각서 쓴다",3. 물을 자주 주지 못해 시들어버릴것같다
S,1. 연주 해본다,2. 도망간다,3. 헤헷몬이 되어 여상이를 보러간다
S,놀란다,무섭다,어떻게없애지?한다
S,부서지지 않게 보관한다,거절한다,모자를 쓴다
S,1. 행복하다,2. 싫다,3. 슬프다
S,젤리다,?,어쩌잔거지
S,1.기타못치겠다,2.신기하다,3.머리 어떻게 감지
S,1. 먹는다,2. 다른 사람 찾아가,3. 햇빛 쬐러 가기
S,먹는다,죽인다,뽑는다
N,1. 나늑 젤리연주가다!!!,2. 내가 젤 싫어하는 사람 말해주고 제발 그사람이랑 살라고 빈다,3. 머리에 해바라기를 달고사는 귀여웅 사람이네ㅎㅎ
S,1. 뭔소리야,2. 뭔소리야,3. 뭔소리야
N,헉 귀여울듯... 썩으면 어떡하지,와 버려버릴래,머리띠 같을 듯..?
N,1. 먹는,2. 죽인,3. 사진찍는
S,기타를 새로산다,거절한다,잘라버린다
N,짜증난다,절대안돼,병원에간다
S,보관한다,완전 싫다,사진찍고 뽑는다
N,열 받았다 내 돈!,싫다,놀랐다
S,먹었다,거절한다,해바라기다
N,젤리를 다시 기타로 되돌릴수 있는 방법을 강구해본다,으 절대 싫어 라고 말한다,정수리에 물을 줘본다
S,우선 보관해둔다 ,상자에 가둬놨다,병원에 가본다
S,슬프다,얘 왜이래.. 라고 생각한다,미용실에 간다
N,나는 대왕젤리다,나는 미안하지만 거절한다,나는 기분이 좋다!!!!!!!!!!!!!!!!!!
S,눈물난다,거절한다,사진을 찍는다
N,마법사다,거절한다,해바라기다
N,1. 그래도 줄은 칠 수 있지 않을까 한 번 쳐본다,2. 내 피를 먹지 않는 조건을 중심으로 타협한다,3. 그러면 해에 따라 방향이 바뀌는 건가? 밖에 나가서 실험하고 온다
S,1. 나는 짜증이 났다,2. 나는 모기를 플라스틱 통안에 가둬 버렸다,3. 나는 제거수술을 받기 위해 병원으로 향했다.
S,당황스럽다,알겠으니까 대신 나를 괴롭히지 말라고 한다,모자를 쓰고 다닌다
S,1. 나는 젤리다,2. 나는 불사조모기다,3. 나는 해바라기다
S,1. 내 돈,2. 절대 싫다,3. 자른다..
N,초콜렛이,협상을 한,요정인가보
S,아깝다,진짜 싫다,좀 신기할듯?
N,나는 운다,나는 (모기를) 죽인다,나는 너어무 깜짝 놀랜다
N,뭔 말도 안 되는 소리인가,극혐,뽑아야지
N,"1. 너무 아쉽지만,, 젤리 맛있게 먹는다",2. 싫다,3. 헐 너무 신기하다 ㅋㅋ
S,슬퍼한,거절한,숨긴
N,1. 다시 기타로 돌아올 수 있으니 먹지 않고 간직한다,2.꺼져 거절합니다,3. 해바라기 머리핀이라고 구라친다
S,1 나,2.나,3.미쳤나
S,핥아본다,벌레 연구가한테 데려간다,사진찍고 가위로 자른다
N,먹는다,가둔다,신기하다
S,슬프다 ,싫다,꿈이길 바란다
S,실망한다,싫다고 한다,놀랐지만 사진 찍어둔다
S,내 돈,미쳤나,징그럽다
S,그냥 먹는다,뭐라는겨; 너무 싫다,사진 찍어놓고 뽑는다
N,혹시 녹을까 봐 냉장고에 보관,도망간다,뿌리째 팔 수 있는지 먼저 보고 안 파지면 그대로 키운다
S,엥?,엥?,엥?
S,띠용.. 우선 보관한다,꺼지라고 한다,이게무슨/당황스러워한다/이게 나만 그런건지 검색해본다
N,울고 말았,바로 죽여버렸,일단 사진을 찍었
S,알수가없다,같이 살고싶지않다,떼버리고싶다
N,먹을 수 있을까,내 피를 먹으려나 안먹어도 싫음,해바라기를 뽑으면 다시 자랄까
S,뭔 말도 안되는 소리야,싫어,뭔 말도 안되는 소리야
S,망연자실한다,됐다고 한다,당황한다
N,1. 젤리상태에서도 연주가 되는지 쳐본다,2. 안죽는데 소통이 되는 모기라면 주기적으로 피주는 대가로 유용하게 써먹는다,3. 같은 사례가 있는지 찾아보고 병원간다
S,기타가 왜 젤리로?,그게 말이돼?,저게 뭔소리야
S,돈이 아깝다,미인가 생각한다,옛날 개그 프로 생각한다
S,먹는다,혐오한다,친구에게 찍어서 보여준다
N,1. 아마 당황하지 않을까,2. 모기를 설득해 다른 곳으로 가게끔 한다,3. 일단 꿈인지 확인할 것 같다
S,당황스러워하다가 소리는 안나는건지 연주해본다,모기가 어떻게 말을 걸지 생각하다가 진짜 안죽을까 하며 손바닥으로 때려본다,당황+황당 알수없는 두려움에 무서워하다가 햇볕에 정수리를 쬐어본다
S,절망한다,계속 잡아본다,모자쓰고 병원에 가본다
S,먹어야지,싫다.. 없애야지,자른다
S,1. 사람이,2. 싫,3. 꿈꾸는 중인 것 같
N,운다,동물농장에 제보해서 떼돈번다,뽑는다
N,환불하러 간다,쫒아낸다,인스타에 올린다
S,먹는다,싫다한다,거울을 본다
S,이게 무슨,가둔다,이게 대체
S,먹는다,극혐,자른다
S,1.그럴리가,2. 뭐라는거야,3. 럴리가
S,소중하게 모셔둔다,거절한다,병원에 간다..?
N,우와 무슨 맛일까 근데 아껴둬야지 ㅠㅠ,같이 사는 대신에 내 피는 먹지 말자 ..,예쁘다 머리에 물 부으면 자라나
N,나는 마법사다 ,나는 위대하다,나는 흙이 되었다.
N,화가난다,화가난다,화가난다
N,소리가 나는지 쳐본다,나는 물지 않기로 계약한다,물을 주면 나한테도 변화가 있는지 실험한다
N,냄새를 맡아보고 보관한다,허락해놓고 조그만 유리병에 가둔다,뽑히는지 당겨본다
N,슬퍼하며 투명 케이스에 넣어 전시한다,그건 힘들 것 같다고 거절한다,뽑히는지 확인한 후 물을 뿌려본다
N,버린다,내려친다,잡아당겨본다
N,살짝 먹어봤다,거절했다 ,셀카찍었다
N,먹는다,내쫓는다,자랑한다
N,어이없,소름끼치도록 무섭지만 태연하게 거절한,해바라기씨를 까먹는
N,젤리 싫어해서 너무너무 싫다,내쫓는다,머리띠같다 신기하다
N,먹어버린,내보낸,사진을 찍는
N,먹고싶어한,싫,꽃이
N,망했다.. ,상관없다 어차피 잘 안 물린다,말라죽기는 하나..? 제초제를 뿌렸다간 탈모가 생길 거 같은데 일단 두고본다
N,유튜브에 올린다,혈액 공급 협의를 본다,인스타에 올린다
N,젤리 기타를 가지고 있는 사람이다,싫다고 말한다,꽃이다
N,나는 망했다,나는 거절했다,나는 잘랐다
S,다시 산다,거절 한다,모자를 쓴다
N,슬프다,개뿍~친다,귀엽다
N,아끼던 기타였으니 사진은 한번찍고 맛있게 먹는다,대신 나는 안물겠다는 계약서를 쓴다,물을 주고 해바라기씨를 먹는다
N,꿈을 꾸고 있는 것,"모기를 데리고 장사(유튭 라이브, 아프리카티비, 트위치 등)",사진을 찍고 인스타나 트위터에 올려 인기스타가 된
S,안돼 하면서 욕한다,가둬놓는다,깜찍해졌군 한다
S,내돈아깝다고 생각한다,싫다고한다,개킹받는다
S,1. 하리보,2. 도망간다,3. 다시 잔다
S,1.일단 젤리는 맛있게 먹고 운다.,2.차라리 헌혈 하러 간다.,3.이게 뭐야? 일단 사진부터 찍고 병원을 간다.
S,1. 미쳤나..?,2. 뭔 소리야 죽여야지,3. 개싫다
S,1 당황스럽다,2 싫다,3 무섭다
N,1.개화난다,2.내 명령에 복종한다면 같이 살게해준다고 한다(싫어하는 사람 물게 만들거임),3.컬투
N,1.먹는다,2.알겠다고 한 뒤 조용히 죽인다,3.매일 자른다
N,1.이게뭔가싶다,2.가둔다음에 저 멀리 풀어줘서 나한테얼씬도못하게한다(사실 영원히감금시킬려고했는데 생각해보니 영원히 사니까 그건 좀 불쌍해서.. 멀리풀어줌),3.구글에 나와같은 상황이있는지 검색해본다
N,멍놀란다,me 쳣냐고 한다,멍놀란다
N,1. 냄새 맡고 기타를 쳐본다,2. 서로 피해 안주기로 약속하고 계약서를 쓴다,3. 너무 귀엽다
N,1. 낼부터 연주 어케 하지.. 왜 이렇게 됐지..,2. 모기가 어케 나한테 말을 걸지.. 절대 싫은데 우짜지..,3. 나만 이런가? 다른 사람들은..?(창밖 기웃기웃)
N,1. 소리 나오나 연주해보고 줄만 먼저 먹어본다. 먹다가 남으면 어떻게 보관하지? 개미 꼬일듯,"2. 말이 통하나 확인하고, 사육해서 모기계의 왕이 된다.",3. 밖으로 나가 방긋방긋 웃으며 마주치는 사람한테 웃음주기 꺄르륵
S,1. 먹는다,2. 싫다,3. 꽃이다
N,1. 짜증난다,2. 절대 싫다,3. 절망적이다
N,1. 일단 살짝 맛본다,2. z...ㄹㅏㄹ..하지말라고한다,3. 일단 꺾는다
S,먹어본다,싫다,뽑으면 아플까 싶어서 만져본다
S,1. 아놔 내 기타!!!!! 근데 무슨 맛일까,2. 심한 욕하면서 화냄,3. 엥… 이거 실화?
N,"1. 다른 내가 아끼는것들도 살펴본다. (이것도 변했나 혹시,,?)",2. 싫다고 한다.,"3. 이걸 누구한테 말해야하나,,연구소 가는걸까,,?"
N,운다,차라리 내가 죽는다,구글에 검색한다
S,새로 기타를 산다,불사조 모기를 가둬서 같이 산다,해바라기를 자르고 다시 자라나면 뽑아버린다
N,1. 먹는다,2. 이사감,3. 유튭각!
N,눈물난다,거절한다,셀카 찍고 인스타 스토리에 올린다
N,하리보 곰돌이 젤리 중에 무슨 색이려나,싫다고 거절한다,그럼 햇빛이 머리에 안오고 해바라기한테 집중되나? 여름에 좀 덜 더울까?
S,먹는다,먹는다,해바라기씨 먹는다
S,그알에 제보한다,모기를 잡는다,잘라버린다
N,1. 울면서 내 두 눈을 의심한다,2. 죽을래? 하면서 내쫓는다,3. 우선 셀카를 찍고 뽑기를 시도한 뒤 병원에 간다
N,1) 빡치네 하고 젤리 한입 먹어본다,2) 너 어떻게 말할수 있어? 넌 불사조지만 난 죽어. 내가 얻는게 뭔데? 왜 나를 골랐어?,3) 일단 해바라기를 자르면 내 몸의 일부라 피가 나올것 같아서 인터넷에 비슷한 증상을 가진 사람들이 있나 찾아본다.
S,어이없ㄴ는데 귀엽다,미친거 아니냐고 쫓아낸다,미용실에 간다...
N,개빡치지만 이미 변한걸 우째.. 일단 조금 먹어본다,너가 불사조든 뭐든 눈에 띄는순간 조져줌,주변 사람들한테 자랑함
N,엥?,에엥?,헐… 뭐됐다
S,ㅇㄴ이게 얼마짜린디; 일단 따로 보관,때려죽이거나 가둬서 연구소에 실험체로 기부,만저보고 아프지않다면 잘라버림
N,화가 난다,다른 사람의 피를 추천해준다,하루종일 밖에 돌아다니면서 즐기다가 뽑는다
S,슬플 것 같다,냅다 도망간다,자랑한다
S,일단 냅둔다,싫다고 한다,사진찍고 널리 알린다
S,집에 기타 없음,협상,출근 어케함
N,1.변상해달라한다,2.계약서써서 내가 물리면 쫓아냄,3.머리를 감아본다.
S,이게 뭐고,꺼져,이게 뭐야...
N,와구와구 먹어본다 그럼 내 기타는..??,너 나랑 어떻게 대화하는거야? 넌 왜 안죽니 과학 실험 자료로 쓰이도록 한다,오 너무 귀여워 근데 다른 사람들도 이런게 생겼을려나 머리를 도리도리 해본다 이 해바라기를 뽑으려고 하면 아픈가 확인한다
S,1. 말도 안된다고 생각한다.,2. 말도 안된다고 생각한다.,3. 꽃을 관찰한다.
S,당황스럽다,미치고 팔짝뛴다,이게 뭔가 싶다
N,다시 기타로 되돌아갈 때까지 고이 모셔둔다,내 피를 뽑아가지 않겠다는 각서를 받고 일단 허락했다,엄마에게 알리고 대책을 강구했다
N,어이없고 슬프다..,거절하고 가둬둔다 내 거절을 거절할 수 있으니까,당황한다 일단 사진 찍어둔다
N,다시 기타로 변할 때까지 갖고 있는다,벌레 채집장같은 곳에 넣어둔다,물을 줘본다
N,혹시 나도...? 거울 본다,모기가 잘 때 몰래 내보냄,사진부터 찍고 친한 친구들한테 보낸다 그 후에 어떻게 해야 할 지 심각히 고민
N,미다스의 황금손을 잇는 젤리손으로 유명해질 것이다,방 하나를 내줄테니 월세를 내면 같이 살아준다고 한다,앞으로 해바라기를 위해 낮에는 해가 있는 방향을 바라보고 살아야 한다
S,1. 뭐야 내 기타 내놔 이게 얼마인데,2. 죽인다,3. 자른다
S,먹어본다,멍싫다,셀카찍는다
S,젤리를 다시 기타로 바꾸기 위해 노력한다,가둔다,해바라기 바로 자르고 머리가 다시 날 수 있을지 확인한다
S,기타회사를 고소한다,연구소에 기부한다,임상실험 포상 의뢰한다
N,실망한다,나는 빨지 말아달라고 부탁한다,해바라기 인간이다
N,먹어서 내가 기타 그자체가 됐다,집 나가서 신분세탁 했다,그 모습 그대로 브이로그 찍어서 유튜브에 올렸다
S,뜯어먹어본다,자결한다,해바라기씨있나확인한다
N,먹는다,친구에게 선물로 준다,뽑아서 화분에 심는다
N,이게 뭘까 라고한,끈끈이에 붙여놓고 가까이 팔을 갖다 대기만 하면서 웃는,여기서 나온 해바라기 씨를 심으면 내가 나오는걸까?라고 생각한
N,젤리기타에서도 소리가 나는지 확인한다,혹시 나를 물면 나도 불사조가 되는건지 확인 후 아니라면 다른 사람에게 양도한다,해바라기가 시들지 않게 물을 준다
S,먹는다,거절한다,뽑는다
S,버린다,돈내라한다,병원에 간다
S,돈이 아깝다,목소리가 궁금하다,머리 감기 힘들겠다고 생각한다
S,젤리를 먹었다,모기를 죽인다,놀란다
S,먹는다,죽인다,뽑는다
S,말도 안 된다,어이없다,그럴 리 없다
S,먹는다,가둔다,뽑는다
N,젤리를 소중히 보관하되 기타는 새로 산다,에프킬라를 뿌려서 죽여버린다,인스타에 자랑하고 기네스북에 등재된 후 적당한 관심을 받고 제거수술을 한다
S,되돌릴 방법을 찾아본다,쫓아낸다,병원에 가서 생명에 지장은 없는지 알아본다
N,아끼는 기타였는데 아쉽지만 무슨 맛일지 궁금하다. 기타가 젤리로 변한거니까 나무 맛이려나,내가 싫어하는 사람 피 빠는 조건으로 같이 살면 괜찮을 것 같다,머리에 해바라기가 자라면 얘가 죽지 않게 하기 위해 매일 산책할 것 같다
N,젤리를 기념하기 위해 냉동보관하고 영원히 박제했다,윙윙거리는 소리가 시끄러우니 발로 걸어다니면 허락하겠다고 했다,내 몸이 거름이 되는 건가 싶어 두려움에 휩싸였다
N,장식장에 보관한다,대화가 통한다는 사실에 신기해 했다,셀카를 찍는다
N,되돌리 수 있는지 확인해보고 안 된다면 젤리 보관법을 찾아본다,월세 낼거냐고 묻고 수컷이면 같이 살고 암컷이면 나가살라고 한다,뽑아도 되는건지 잎사귀를 자르면 고통이 느껴지는지 다른 사람 머리에도 꽃이 핀건지를 확인한다
N,젤리기타는 연주가 가능한지 시도해본다,"유의미한 협상을 진행한다(나를 물지 말 것, 귓가에서 날지 말 것)",이파리를 뜯어보고 딱히 통증이 느껴지지 않는다면 헤드뱅잉을 하며 즐긴다
S,좌절한다,찰진 욕과 함께 미쳤냐고 한다,당장 병원에 간다
S,당황한다,싫다,무섭다
N,아 진짜 너무 절망적.. 기분 나아지면 연구소 같은 데 연락할 듯,(살자는 거 보니 말이 통하나 보네요) 어떻게 해서 불사조가 될 수 있었는지 물어본다.,너무 당황스럽고 잘라내고 싶지만 혹시 신체 기관과 연결되어 있을 수도 있으니 잘 가린 채로 큰 병원에 가서 각종 검사를 받아 본다.
N,무슨 맛인지 궁금해서 먹어본다,모기가 해코지 할 수 있으니 정중히 거절한다,해를 쬐러 해가 있는 곳으로 간다
N,다시 기타로 변할지도 모르니 집에 보관한다,진지하게 얘기해보고 거절하거나 죽인다,신기해하며 나름 그 모습이 귀엽다고 느낀다
S,나는 이해할 수 없다,나는 거절한다,나는 말이안된다고 생각한다
N,맛이 궁금하니 핥는다,말하는게 무서우니까 집 밖으로 내쫓았다,친구들에게 사진찍어서 보여주고 꺾는다
N,다시 기타로 되돌릴 방법을 찾는,계약조건을 묻고 메리트가 없으면 거절한,뽑아도 안아프면 뽑아서 화분에 옮겨 심는
S,먹는다,가둔다,병원에 간다
N,무슨 맛인지 뜯어먹어 본다,거절하고 짐을 싸서 나간다,사진을 찍어서 여기저기 보내준다
N,살짝 맛 봐본다 (하지만 베어먹진 않는다 다시 돌아올수도 있으니까),나는 물지 않기로 약속한다,사진을 찍는다(세세하게 기록으로 남겨두기위해)
S,유리보관함에 넣어 보관한다,어딘가에 가둬서 밖으로 던져버린다,줄기를 자른다
N,먹어본다(기타 어떡하지..하면서),구래 같이살자! (하지만 내 피는 안돼),나는 꽃인가보다…? (해가 있는 쪽으로 나가서 진짜로 그쪽으로 돌아가는지 확인한다)
S,운다,거절한다,옮긴다
N,한번 햝아서 맛을 보고 기타로 되돌리기 위해 젤리로 변하기 직전 했던 행동을 반대로 해본다,불사조일리가 없다. 몸이 완전히 분해돼도 정말 다시 살아나는지 확인겸 때려잡아본다. 정말 불사조면 그걸로 유튜브해서 돈 번다,일단 인증샷부터 찍고 한번 뽑아본다. 안되면 병원간다
S,먹는다,죽는다,정수리에 물준다
N,젤리가 언제다시 커질지모르기때문에 뽁뽁이로 감싼후 기타케이스에 넣어두고 매일 매일 관찰한다,절대로 싫지만 내피 안빨거냐고 물어본다,아픈지안아픈지 눌러보고 셀카좀 찍고 병원에가본다
N,"젤리로 변한 기타가 다시 기타로 돌아올 방법이 있는지 찾아본다. 공기중에 노출되어 상하지않도록 방부제,비닐 등으로 보존한다",미안한 말이지만 그럴생각없으니 유리병 속에 갖혀있으라고 한뒤 안보이는 한켠에 둔다. 피가 필요하지않다고 답한다면 같이 사는것을 고민해보겠음,해바라기가 시들면 내가 시드는것인가? 내 기분에 따라 해바라기의 상태가 어떤지 실험. 하루종일 햇볕보기 실험. 혹은 머리카락이 뿌리인가? 머리를 감을때의 해바라기상태가 어떤지 관찰해본딘
S,먹는다,싫다고 한다,당황한다
N,젤리마법사,모기워리어,해바라기씨메이커
N,내가 제일 아끼는 기타에선 내가 제일 좋아하는 맛이 날까? 무슨 맛인지 궁금하니까 조금만 먹어본다,같이 살자고 제안할 정도면 지능이 있는 거겠지? 그럼 피를 내어주는 대신 내 부탁들도 들어달라고 한다 상부상조하면서 살자 모기야,기념사진 남기고 이 해바라기를 뽑아도 괜찮은 건지 잘 살펴본다 기왕이면 안 아프게 뽑혀주라...
S,황당하다,싫다,극혐이다
S,당황한다,거절한다,뽑는다
S,믿을 수 없다 기타를 다시 찾아본다,거절한다,욕한다
N,"나는 ""...저거 씹어먹으면 나무 맛 날까?"" 생각한다","나는 ""절대 내 피를 빨아먹지 않고, 내 음식에 달라붙지 않고, 내 전방 5m 이내로 들어오지 않으면 같이 사는 것에 동의한다."" 말하고 에프킬라 진짜 안 듣나 의심의 눈초리로 흘겨본다.",나는 텔레토비 짜가리(?)다...!!!
S,일단 보관함,일단 거절함,일단 자름
S,젤리를 먹는다,죽여버린다,해바라기다
S,어이없다,가둔다,뽑아보고 아프면 병원간다
N,맛을 궁금해하며 먹는다,술래잡기를 제안한다,나는 귀엽다
N,망연자실한다,모기에게 그대신 나는 물지 말라고 한다.,그러면 머리는 어떻게 감아야 하나 고민한다.
N,조금 떼어서 먹어본다,일단 싫다고 정중하게 거절한다,뿌리에 가까운 줄기 부분을 잡고 흔들흔들 조심스럽게 뽑아본다
S,귀여워서 자랑하고다닌다,열심히 애완모기로 키운다,꽃이 잘 보이게 셀카를 찍는다
S,그럴리 없다,그럴리없다,그럴리없다
S,먹는다,죽인다,뽑는다
N,살짝뜯어 맛을봐본다,일단 생각해본다(모기가 말을걸다니..?),사진찍고 엄마한테 울면서 전화한다
N,일단 다시 돌아올지 모르니 사진 찍고 냅둬본다,제발 나가달라고 사정하기,오잉 일단 사진찍어 신기하네
S,돈을 모아 다시 기타를 샀다,모기약을 뿌려버렸다,신기해서 셀카를 찍어보았다
N,일단 어떤형태에 젤리인지 확인 후 먹는다,일단 죽는 방법을 찾아본다 실험,와 나 뭐지? 나 포켓몬 세계에 들어온건가? 테라스탈인가!!!
S,놀랐다,싫다,놀랐다
N,매우 슬퍼한다,미안하다 하고 가둬서 연구소에 보낸다,병원에 가서 정밀검사를 받아본다
S,나는 기타못치는사람이 되었다,나는 도망간다,나는 가위로 자른다
S,냅둔다,싫다,징그러워한다
N,뭐지 끈적거릴까? 치면 소리는 날까?띠용거리나?? 벌레가 꼬이면 어쩌지? 일단 아끼는 거니까 속상할거야 근데 나는 기타를 아끼는게 없으니까 그 마음을 잘 모르겠다 핸드폰이 바뀌었다고 생각해불까? 아 이정도의 마음 보다 더 큰가? 기타를 아끼는 사람들은 거의 다 그 기타에 사연이 있던데…,뭐지? 물리면 그 불사조 능력을 나한테도 나눌 수 있는건가? 불사조가 되면 행복할까??,잡아당기면 아프지 않을까ㅠㅠ? 머리에 뿌리를 내린건데?? 머리 감을 때 물을 주는 거라고 생각해야하나? 나 집에선 머리 맨날 안감는데..ㅋㅋㅋㅋ
N,한입 맛을 본다,계속 주다보면 내가 죽을 거 같으니까 거절한다,이쁘니까 일단 셀카를 찍는다
S,젤리를 얻었다,거절했다,당황했다
S,개소리다,개소리다,개소리다
N,대체 무슨 맛일까 궁금하다,집주인인 난 빨아먹으면 안되고 다른 모기 4계절 퇴치해주는 조건으로 같이 살아도 됨,뽑으면 나 죽나? 걱정된다
S,아 내 돈...,거절함,그럴일없다
N,기타크기 젤리..? 아니면 여러개의 젤리? 가져다가 전시해서 이걸루 돈벌어야겠당,연구원에다 보내야겠다. 근데 나한테 떨어지는 돈도 있나? 아무래도 내가 제공했으니까 어느정도 돈은 주고 사가겠지?,일단은 머리띠처럼 쓰고가야겠다. 근데 내 머리를 통해서 영양공급을 받나? 내 몸에 불이익은 없겠지? 좀이따 병원에 가봐야겠다
N,겉을 잘 포장한다음 구경도 하고 쪼물쪼물 함,나는 안문다는 보장을 받는다,거울로 구경도 하고 모자를 쓰면 감춰지는지 확인해본다 ㅋ
S,먹는다,싫다고 한다,뽑아버린다
S,보관한다,꺼지라한다,뽑는다
N,젤리를 싫어해서 안 먹는다,왜 같이 살아야 하냐고 묻는다,신기해서 사진을 찍어 인스타에 올린다
N,젤리 기타를 쳐본다,제발 가달라 한다,겁나지만 이제 스타다
S,기타를 새로산다,거절한다,병원에 간다
N,다시 젤리를 기타로 돌릴수있는 방법을 찾는다. 잠깐 마법인가? 그럼 세상에 마법이 있다는건가? 마법을 배우러 떠난다.,모기를 더 작게 만들어 물려도 느끼지 못하게 만든다.. 근데 불사조가 되는 마법도 있다는거라면 나도 불사조가 될 수 있을까? 불사조가 된다면 지금 몸 상태로 영원히 늙지 않는걸까? 그렇다면 불사조가 되기 전에 일단 헬스를 등록한다.,인간이 아니다. 해바라기가 정수리에서 핀다면 나는 아마도 화분인가보다.
N,신기하다고 생각하고 한번 뜯어서 맛 본다,싫다고 거절하면서 왜 그런 부탁을 하냐고 물어본다,사진을 찍어서 보관한다음 햇빛에 한번 나가보고 한 번 잡아 뜯어본다음 안되면 병원에 간다
N,소리가 나는지 확인해본다 원래는 기타였으니까 그 후 무슨 맛일지 살짝 혀만 대본다 다시 기타로 바뀔수도 있으니까 뜯어 먹진 않는다,진짜 불사조 모기인지가 너무 궁금하다,이왕 이렇게 된거 세상에 이런 일이에 나가고 인스타 스타가 되어본다 ㅋㅋ
S,방송제보,도망,병원행
S,그럴리가 없다고 생각한다,그런적 없었고 앞으로도 그런일이 생길리 없다고 생각한다,아까부터 나에게 이런식의 질문을 하는 의도를 전혀 모르겠다
S,원래대로 돌릴 방법을 찾음 없으면 갖다버림,같이 살고싶은 이유를 물어보고 타당하지 않으면 거절함,잘라냄 혼자서 못잘라내는 부분은 병원감
N,오마이..ㅠㅠㅠ 다시 되돌아갈 방법은 없을까 인터넷에 사연을 올려본다. 아니면 물어보살 나가거나..,친구가 되어 골탕먹이고 싶은 사람에게로 데려간다,"난 역시 머리가 꽃 ,밭인가!!!"
N,내 기타 눈물이 난다…,다른 집 알아보라고 한다,햇빛 쐐주러 밖에 다녀야 되나?
N,안 먹고 모셔둔다,언짢지만 내 피 먹지 않는걸로 딜 한다,신기해서 사진을 찍는다
N,일단 맛을 한번보고 보관장에 보관한다,집에 들어오는 다른 모기들을 잡아줄 수 있냐고 물어보고 가능하다면 같이 살아도 된다고 한다,일단 셀카를 찍고 친구들에게 보내주고 병원에 간다
S,기타를 새로 산다,거절한다,거울로 자세히 살펴본다
S,놀랐다,싫었다,당황스러웠다
S,황당하다,싫다,무섭다
S,맛있게 먹는다,싫다,미쳤다
S,미쳤다,거절한다,병원에 간다
N,젤리로 연주한다,평생 유리병에 가둬둔다,뽑히는지 당겨보고 뽑는다
S,기타 사느라 쓴 돈이 아깝다,싫다고 한다,그게 말이 되나
N,이곳저곳 만져보고 맛한번 본 다음 소리나는지 확인해보고 뜯어지는지 확인해본다.가루 떨어지는 젤리형태인지 마이구미같은 젤리형태인지 모르겠음,"일단 가둬놓고 이런저런 시험을 해본다.(산소를 없애보던지, 정말 안죽는지 죽을때까지 내려쳐보기, 먹이로는 피말고 뭘먹을지 지켜보기)","일단 한번 경악해서 쓰러졌다가 만져보고 거울로 사진도 찍어보고 다른사람 눈에 보이는지 확인해보고,,흔들어보고,,물도줘보기.잎사귀 뜯어보기"
N,먹지 않고 내버려뒀다가 티비에 제보한다음 유명해질 것이다,너가 나랑 같이 사는 대신 무엇을 해줄 거냐고 묻는다 너한테 물리면 나도 불사조 됨?,꺾은다음 화분에 나두고 내머리에 이상이 없는지 병원에가본다
N,한번 기타를 연주해보고 맛을 본다,오??그래?? 대신 나는 물지마!!,어이없는 상황에 해바라기를 몇 번 만져보고 셀카를 찍는다
N,다른것도 젤리로 변하는지 궁금하다,모기가 내 피를 빨면 나도 불사가 되는지 궁금해졌다,기분이 뭣같아져서 죽고싶어졌다…
N,기타 젤리 경매 사이트에 올린다,모기를 죽일 방법을 고민해본다,해바라기를 자르고 병원에 간다
N,아끼는 기타가 없는데.. 젤리? 이왕이면 젤리보다 초콜릿이었으면 좋았을텐데ㅠ 그래도 특별한 기타가 되긴 하겠네!,"모기가 나한테 같이 살자고 했으니 의사소통이 통하는 거겠지? 그러면 어떻게 불사조가 됐는지, 어떤지, 고통은 느끼는지 물어봐야지",오 우선 사진찍어서 지인들한테 말해주고 병원에 가야하나.. 함부로 꺾다가 죽으면 어떡하지? 고민
S,뭔소리야 그럴수가있나,뭔소리야,뭔소리야
N,언젠가 돌아오겠지 하는 마음으로 고이 보관한다,‘나 모기 알러지 있어’ 주먹으로 내려친다,이젠 머리를 어떻게 감아야 하지...?하고 고민한다
S,먹을것이다,죽는다,귀엽다
S,먹는다,싫다고 한다,머리에 물을 줘서 자라나 확인한다
S,구미베어 기타리스트다,네모상자 안에 가둬놓고 관찰한다,샤워하면서 물을줄것이다 근데 샴푸질하면 해바라기 상하지않아요?? 약한수압으로 해야하나
N,혹시나 기타가 다시 돌아올 수도 있지만 맛이 너무너무 궁금한 관계로 줄만 뜯어먹거나 끝부분만 살짝 먹어본다. 안돌아오면 어쩌지 라는 생각에 좀 슬플 것 같지만 젤리가 된 기타가 맛있으면 그것도 그거대로 신기해서 좀 신날 것 같은..,피를 살짝 뽑아서 두고 공생관계를 유지하자고 할까 고민해본다. 물리면 가려우니까 너무 싫ㅜㅜ아니라면 어처피 굶어도 넌 안죽을거니까 먹지말라고 한다...? 애초에 모기랑 대화가 될 리가 없는데 가능하다면 나 살짝 미친건 아닌지 진지하게 확인해보기도 할 것 같아요,살짝 건드려보고 아픈지 아닌지 확인부터 한다. 확인해서 안 아프면 가위들고 살짝 잘라보고 그래도 안 아프면 아예 잘라서 화분 사다가 길러볼까 생각
N,다시 되돌려질까 생각해본,불사조모기 주인으로 유튜버가 된,셀카찍고 이게 무슨일인가 싶
S,신기해한다,꺼지라고한다,출근부터해야하니 짜를 생각한다
S,말도 안 된다,싫다,잘라버린다
S,슬프다,싫다고 한다,당황한다
N,다시 돌아올수도 있으니 코팅해서 최대한 안녹게한다.,미안.. 나는 빈혈이있어서 너랑 못살거같아라고 말하며 거절한다.,나만 꽃이 핀건지 우선 밖을 살피고 나만 핀거라면 모자를 써서 가리거나 머리띠인척을 해본다.
S,그럴리없다,그럴리없다,그럴리없다
S,먹어본다,잡는다,뽑는다
S,당황한다.,개소리하지 말라고 한다,뭔 개수작이지라고 생각한다
N,어 뭐야 내 기타 어디 갔어요 믿지 않고 기타를 찾아본다 찾아봐도 없으면 언제든 기타로 다시 변할 가능성이 있으니 고이 보관한다,의사소통이 되고 불사조인 모기면 거절했을 시 저주를 내릴 수 있는 능력도 있을 수 있으니 같이 살면 안 되는 이유를 모기의 신경을 거스르지 않는 선에서 최대한 설명해 본다,어우 징그러워 이걸 어떡하지 뿌리가 뇌 속에 침투하지는 않았을까 없애려면 말라비틀어지게 둬야 하나 고민한다
N,젤리로 기타를 치면 손이 안 아플듯,모기를 밖에 내다 버린다,일단 빠개고 옛날에 해바라기 달고 개그 치던 사람 생각을 한
N,젤리 아티스트다,생각도 하고 말도 하고 협상도 할 줄 아는 모기라면 분명 뭔가 있을 것 같으니 일단 수락한다,유튜버로 데뷔한다
N,먹어보려다가 기타 상할것같아서 살짝 깨물어만 보깅,나 물지 말라고 하고 집은 니가 구해오라고 하깅,한번쭉 잡아당겨보기
N,그럼 젤리도 소리가 나려나? 젤리를 연주하는 법을 찾아본다 꾹 꾹,물리는 건 진짜 싫으니 가둬놓는다 투명아크릴로 방을 만들어줄까 구경은 하고 싶으니까,오 사진부터 찍고 세상에 이런일이에 나가보자 오예 해바라기 걸이다 엇 근데 이제 모자는 못쓰겠지?
S,답하기도 싫다,답하기도 싫다,답하기도 싫다
N,기타….? 아니 내가 아끼는거면 비싼 기타일텐데 한입먹으면 사라지는 젤리가 된다고? 내기타 돌려줘 ㅠ,모기보고 꺼지라한다,해바라기를 떼고싶지만 떼고나면 정수리가 비게될지도 모르니 일단 붙이고있고 방법을 찾는다
N,추후에 또 다른 것으로 변할 수 있으니 최대한 나만 알 수 있는 큰 공간에 보관해둔다.,"불사조 모기와 대화가 통한다는말, 친해져서 절대 죽지않는 날아다니는 드론용으로 쓴다","방송에 출연, 해바라기의 화제성을 높여 최대한 이목을 끌고 경매가에 팔아넘긴다."
N,비위생적이라 생각해서 버린다,대신 내가 매일 다른 방법으로 널 죽이게 해주면 좋겠어라고 한다.,씨앗 먹을 수 있나? 샴푸해도 될까? 일단 비료같은걸 줘야할까? 이왕이면 좀 더 예쁜 꽃이면 좋을텐데 실망이다.
N,바닥에 접촉하지 않은 부분 맛 한 번 볼 것이다,나랑 살아야 하는 이유 10가지를 대라고 말한다,꺾이지 않을 정도의 힘으로 흔들어본다
S,먹는다,거절한다,뽑는다
S,이걸 왜 하지,이걸 왜 하지,이걸 왜 하지
N,젤리 기타리스트가 된다,관리비명목의 돈과 내피를 먹지않을것을 계약조건으로했다,이제 흙탕물만 먹어도 살 수 있다
N,나는 젤리스트다,제일 싫어하는 사람 집을 알려준다,노란색 꽃잎만 떼면 갈색이니까 대충 머리카락처럼 보이게한다
N,일단 벌레 안 먹게 조심하고 녹지않게 조심하고 언제 돌아올지모르니까 잘 보관하고 끊어지지 않게 조심해서 줄 한 번 튕겨본다. 무슨 맛인지 끄트머리 조금 먹어본다.,일단 난 물지 말라고 협상한다. 날 물면 같이 살 수 없다. 우리 집에 있는 모기들한테도 일러라,해 방향대로 꽃 움직이는지 벤치에 앉아있어본다. 진드기만 안 생기면 머리띠처럼 돌아다녀본다
S,절망한다,미쳤나,꿈인지 뺨 때려봄
S,어이없다,거절한다,다시 자고 일어나본다
N,기타 줄은 리치 맛이고 본체는 딸기 맛이면 좋겠다!!,내가 집을 내어 중 테니 나 물지 말고 다른 모기들도 물지 않게 시키라고 한다.. 내가 바로 킹메이커,머리 감아야 하는데 샴푸나 린스 닿아도 되는지 찾아본다
N,줄 뜯어먹을때 소리 나나 들어본다,같이 선지해장국 먹을 수 있나 시도해본다,에버랜드 가서 관심받는다
S,당황했다,모기를 가뒀다,사진을 찍는다
N,맛만 살짝 보고 만지작 거린다,다른 집으로 가면 안 되겠냐고 설득한다,내가 좋아하는 꽃이라 너무 좋아서 만족한다
S,보관한다,가둔다,햇빛 받으러 나간다
S,빡친다.,꺼지라 한다,잘라버린다
S,먹는다,미쳤냐한다,가리고 출근한다
S,황당하다,짜증난다,당황스럽다
N,젤리보다 초코가 좋다며 아쉬워한다,일단 어떻게 불사조가 됐는지 물어본다,꺾으면 아플까봐 이파리한장만 뜯어본다
N,무슨맛인지 한입 베어먹어본다,너 말할 수 있냐고 물어본다,급하게 폰켜서 지식인에 물어본다
N,먹었다가 내 몸 속에서 돌아오면 큰일날 것 같고...보관하자니 혹시 변한 젤리 사이즈가 어떻게 되죠?,싫다고 거절하고 어디 연구소로 보내버린다 그냥 방생했다가 내 피를 먹을수도 있으니 가둬버려야지,일단 꽃잎을 떼보고 아픈지 확인해보고 안아프면 자른다
S,잘 보관한다,싫다고 한다,잘라버린다
N,안돼 돌아와 내 기타라고 외치며 젤리 붙잡고 오열한다,병에 가둬서 심심할 때마다 불놀이한다,일단 살아보고 불편하면 잘라버린다
S,어케 되돌릴지 고민한다,나한테 무슨 득이 되냐고 묻는다+연구소 같은 데 불사 dna 연구용 샘플 제공 되냐고 묻는다,엄청 울고 남몰래 ㅁ미리미리 잘라둔다
N,사진찍고 슬퍼하며 되돌릴 방법을 찾는다,투명한 컵에 밀봉시키거나 문에 납땜한다,애인한테 자랑하러 간다
S,먹는다,짜증난다,뽑는다
S,놔둔다,묶는다,잘라낸다
S,당황스럽다,끔찍하다,뽑아버린다
S,놔둔다,싫다,가만히 있는다
S,눈물이 난다,거절한다,뽑아서 살펴본다
N,레진 같은 걸로 보존해서 키링 만들어 다른 기타나 내가 매일 지닐 수 있는 곳에 달기,나는 곤란하니까 다른 숙주를 찾으라고 애원한다,헤드셋 못 끼면 슬플 거 같다
S,먹어본다,절대 싫어 꺼져,살아있는 거 맞는지 살살 만져본다
N,놀랐지만 맛은 본다,피 빨지 말라고 약속하고 같이 산다 일종의 거래,예뿌지~ 신기하지~ 하고 자랑하며 다닌다
N,기타가 어떻게 젤리로 변하징.. 기타모양 젤리로 기타줄 튕길 수 있남.,진짜 너무 싫다 빨대 뽑으면 가능..은 무슨 절대 안 살아,헐 짱귀엽겠는데? 인싸가능 물 꼬박꼬박 줘야징
N,소리가 나는지 한번 튕겨본다,절대 싫어 소리지르면서 거절한다,뿌리째 뽑으려고 시도하다가 내뇌까지 뽑힐까 두려움에 떤다
N,내 기타가 얼마짜린데 이건 누가 훔쳐가고 젤리로 바꿔치기한게 틀림없다고 생각한다.,나는 어떻게든 모기를 죽이거나 아니면 내가 이사간다.,당장 병원에 가서 해바라기를 자른다...
N,냉장고에 넣는다 (녹으면 안되니까..),유리병같은 곳에 가둬놓는다,병원에 가서 뽑아도 생명에 지장없냐고 상담한다
N,젤리도 기타 소리 나는지 눌러본다,내가 이득이 되는 게 뭔지 물어본다,어떻게 숨기고 다닐지 고민한다(모자를 쓰자니 꽃이 망가질 것 같고.. 아님 아예 유튜브러 공개해서 돈을 벌까?
S,망했다,도망간다,자른다
S,어이없다,어이없다,어이없다
N,경매에 올릴것이다,대학교에 기증할것이다,방송 출연하고 유명인사 될 것
S,그대로 둔다,거절한다,떼본다
S,먹는다,싫다,자세히 본다
N,나는 한입을 먹어보고 찰랑찰랑 기타를 흔들어 본다,나는 모기에 물렸는지 확인하고 각방을 쓰자고 제안 한다,나는 아침에 정말 해바라기가 활짝피는지 궁금해 아침일찍 거울들고 밖에 나가 구경한다
S,당황스럽다,싫다,당황스럽다
S,먹는다,오지말라한다,뽑는다
S,놔둔다,죽인다,뽑는다
N,향기를 맡아보고 찍어서 먹어본다,월세를 낼것인지 물어본다,햇빛 밑에 서봐서 진짜 해바라기 인지 확인해 본다
S,먹어본다,거절한다,사진 찍고 뽑는다
N,우와 신기하다 근데 무슨 맛이지 무슨 색인가요 왕꿈틀이 같은 투톤인가 아님 한톤인가 맛은 새콤한가 하면서 맛 본다,에반데..네가 나를 한번도 물지 않으면 같이 살겠다고 얘기하고 좋다하면 살고 싫다 하면 쫓아낸다,헐 신기하다 하면서 일단 사진 찍고 친구들이랑 가족들한테 보여주고 얘를 어떻게 키우나 고민해본다
S,씹어먹는다,거절한다,웃는다
S,먹는다,싫다 ,꺾는다
N,말랑 기타리스트다,수컷인지 확인한다,광합성이 가능한 슈퍼 인간이다
S,속상하다,싫다고 한다,떼어낸다
N,신기해서 계속 살펴보다가 집에 전시,대신 나는 물지 말아달라 한다,해바라기가 머리에 피면 머리 뜨거운 물로 감아도 되나?? 꽃잎 떨어지면 이게 비듬이 되는건가? 해바라기까지 쳐서 내 키가 되는건가?
N,녹거나 누군가 먹지 않게 잘 보관 후 다시 되돌릴 방법을 찾는다,주둥이나 날개를 테이프로 감싸면 허락한다 차마 자르라곤 못하겠어서..,그냥 꺾어서 제거가 되는거면 사진 한 번 찍고 물 주며 즐기다 제거
N,일단 놔두고 기타로 다시 돌아올 방법을 찾아본다 안되면 그냥 냠냠,우선 말이 통한다는거니 유튜브를 하거나 동물농장에 제보한다 컨텐츠뽑기가 힘들거같으니 다른 주제들도 생각해놓아야할듯? 대신 내 피를 뽑지않는다는 각서도 써야함,와 우선 셀카백만장찍고 해바라기씨로 제조가능하면 브랜드만들어서 해바라기씨 사업할듯 완전 셀럽가능할듯요 근디 건강검진도 해볼듯ㅋㅋㅋ
N,어차피 어딘가에 말해도 증거도 없고 아무도 못 믿을게 뻔하니 혼자 슬퍼하면서 어딘가에 고이 모셔둔다 먹으면 뭔가 탈 날 것 같음 (언젠가는 이게 뭐야ㅋㅋ 하면서 버리겠지),모기는 싫지만 괴롭히고 죽이자니 좀 양심의 가책(?) 같은 게 있고 살려주자니 모기가 지 같은 후손을 낳을지도 모르는데 이건 너무 인류에 해가 되는 것 같으니까 미안하다고 하고 얌전히 죽인다,이게 뭐지 꿈인가 근데 정수리에서 해바라기가 자랄리가 없잖아 양분이 없는데 헉 설마 내 뇌에서 영양분을 빨아먹는건가 기념 영상 & 사진 촬영하고 친구들한테 자랑 몇 번 한 다음에 병원 가서 처방받는다
S,다시 기타로 변하기를 기도한다,거절한다,광합성 하러 간다
N,슬피 울다가 젤리를 한 입 먹어봐도 될지 고민한다,가끔 피 뽑아주면 그 대가로 나한테 뭘 해줄 건지 물어본다. 대답을 들어보고 결정한다,일단 모자로 가려지는지.. 집에 있는 모자는 다 써본다. 해바라기에 물을 줘본다. 이걸 뽑으면 아플지 혹시 누군가에게 들켜서 실험 대상으로 잡혀가지 않을지 걱정한다
S,어이가 없다,도망친다,병원에 간다
S,엉엉운다,진짜 미친건가 라고 한다,햇볕을 쬔다
S,슬프다,절대 싫다,너무 징그럽다
S,젤리를 먹는다,모기를 죽인다,해바라기를 뽑는다
S,다시 산다,거절한다,자른다
S,모르겠다,싫다,화분에 옮기려고 노력한다
N,일단 궁금하니까 무슨 맛인지 먹어본다,"다른 모기들을 물리쳐준다면,, 같이 살자!고 말한",거울샷을 찍어서 올린다
S,뭔소리야,나가달라고 부탁,가위로 잘라버린다
N,나는 다시 돌아오길 기다리다 아마 며칠 뒤 까먹고 먹어버릴 것 같다,죽기 싫어서 거절한다,나는 해바라기씨를 팔고 떼돈을 번다
N,젤리인 상태에서 연주해도 소리가 나는지 확인해본다,모기를 잡아 가두고 내 집을 지킨다,어이없는 눈으로 거울을 보다가 우선 해가 뜨고 지는 방향으로 목이 돌아가는지 지켜본다
N,일단 핥아 본다 뭔 맛임,내가 시키는 사람의 피를 쪽쪽 빨아준다는 조건 하에 허용한다,TXT 세계관 속에 있나 보다
S,어떡하지 걱정했다,싫다,놀란다
N,"밀봉하고, 기타 산 곳에 찾아간다",살 곳을 줄테니 나를 한 번이라도 물면 쫒아낼 거다 다른 사람 물어라,"브이로그 찍으면서 병원을 간다, 이걸로 유튜브 스타 되야지ㅋㅋ"
S,되돌릴 방법을 찾는다,가둔다,병원에 간다
N,기타줄을 연결해서 연주해본다,대신 조건이 있는지? 돈을 줄 것인가 물어본다,바로 나가서 햇빛을 쬔다.
N,다른 기타를 사고 젤리로 변한 기타는 보관해둔다,모기를 병에 가둬 두고 버린다,해바라기가 있는 상태로 살 수 없으니 매일매일 잘라버린다
N,살짝 핥아서 맛 본다,거절한다 계속 매달리면 가둠,어 혹시 나 소설속 캐릭터?
N,나는 증거를 모아서 인터넷에 올리거나 연구실에 제보해야지 아니면 궁금한 이야기 y 그러면 우리나라 그리고 세계 각지에서 토픽이 될 테니까 사람들이 연구하려고 막 오고 인터뷰도 따고 그러겠지 기타의 젤리화 나는 실험에 참가하고 실험체도 제공하고 돈 많이 받겠지 끝나면 유튜브도 해야지 젤리기타녀로 스타가 되겠지 커밍아웃 하고 사람 만나야겠다 야호,절대 죽지 않는 모기가 있다? 하면서 동물농장과 세상에 이런 일이 궁금한 이야기 Y 그알에 제보하고 실험하고 참여하고 유튜브 근데 그 모기가 어쩌면 인간에게 영생을 가능케 하는 단초가 되지 않을까요 그래서 막 영생을 보장해 주는 약 개발하겠지 난 모기 주인이니까 개발에 참여하고 제약회사 주식도 잔뜩 사놓아야지 이건 주가조작인가 감옥 가면 어떡해요 하지만 난 영생인데 무기징역만 아니면 의미 없는 것 아닌지 늙지도 않나? 그랬으면 좋겠다 야호,머리가 너무 아플 것 같아요 뿌리는 어디에 내리는데?
S,맛을 본다,집을 준다,사진을 찍는다
S,맛있겠다,싫다,꽃이다
N,기타 젤리를 먹는다,모기와 계약하고 손만잡고 잔다,국과수에 전화한다
N,일단 영상을 찍어두고 최대한 손상없게해서 기타 회사에 전화하고 지식인 같은데에 이런 일이 있었다고 말함,아니 너랑 같이살면 내가 뭐가 이득인데..?싫어,뿌리가 어떻게 연결 되있는건지 확인해본다
S,먹어본다,거절한다,잘라버린다
N,언젠가 다시 기타류 변하지 않을까 하고 잘 보관해둔다,당장 어디 통안에 가두어 봉인하여 버린다,해바라기가 뜯어지나 뽑아본다
N,나는 초콜릿으로 변했다,나는 불사 모기를 죽일 수 있는 에프킬러가 되었다,나는 해바라기를 안 좋아해서 정수리에 해바라기를 꺾어버렸다
S,버린다,죽인다,뽑는다
S,뭐지싶다,뭐지싶다,뭐지싶다
N,아쉬워하며 젤리를 먹는다,월세 다 너가 내고 집안일 대신 해주면 수락한다,모자를 못 쓰게 되는건 싫어서 자른다
S,보관한다,집을 나간다,병원에 간다
N,젤리를 물에 불려본다,피 빨 사람을 지목해줄테니 난 빨지 마라 말한다,첫날은 우선 머리띠인 척 그냥 다닌다
N,일단 만져본다. 기타 실루엣을 따라 윤기가 좌르르 흐르는 게 너무 예쁠 거 같다. 핸드폰을 가지고 있을지 모르겠지만 있으면 사진을 찍어본다. 젤리 장인이 만들었을까? 많이 아끼는 기타였으므로 젤리로 변한 게 처음에는 충격으로 다가왔지만 볼수록 예쁘기만 하다. 무슨 맛일까 궁금하기도 해서 못 참고 크게 한입 베어본다. 왠지 단 맛이 날 것 같다. 근데 소화 안 돼서 몇 번 못 먹을 것 같다,정말 가장 상상하고 싶지 않은 가정... 먼저 도망부터 가야 할 것 같다. 성공했나 싶어서 한숨 돌리지만 시도 때도 없이 모기가 나타나서 매우 괴로울 것 같다. 따라서 모기와 합의를 볼 것이다. 내가 피와 보금자리를 제공할 테니 서로 거리를 두고 살자고. 계약서까지 만들었다. 모기가 다소 아쉬워하는 것 같았지만 결국 사인해 줄 거 같다. 그렇게 모기와의 핏빛 동거를 시작하게 되고,"꿈인가 싶어서 뺨을 때려본다. 꿈이 아닌가 보다. 한번 세게 뽑아본다. 해바라기가 두피 안쪽으로 깊게 뿌리내려서 많이 아플 것 같다. 침대에 걸터앉아서 앞으로 해바라기와 어떻게 살아야 할지 심각하게 고민한다. 해바라기는 대체 어디에서 왔을까, 얘가 시들면 나에게 문제가 생길까 등등.. 주변 사람들한테는 당분간 연락하지 않는다. 다른 사람들도 이렇게 되었나 궁금했지만, 나만 해바라기가 머리에 핀 거면 쑥스러우니까.."
S,먹는다,죽인다,자른다
N,연주하면 무슨소리나나 확인 먼저 하고 신기하니까 사진 여러장 찍고 먹는다,모기와 말이 통하니 수컷일 경우 접근하는 암컷을 내쫓아줄 것을 약속을 받고 암컷이면 내 주변에서 앵앵거리지 않고 피를 먹지 않는다는약속을 받아낸다,일단 신기하니 사진 찍고 병원에서 뿌리가 어디까지 닿아있는지 뇌에 영향이 있는지 확인 후 뽑거나 수술로 제거한다
N,내가 아끼던 기타는 무슨 맛일지 핥아만 본다.,같이 살기로 하고 대신 내 피는 빨지 않겠다는 약속을 받아내고 종종 함께 산책 하러 가기.,다른 사람의 정수리에는 다른 꽃이 있나 구경하고 밖으로 나가 머리 위 해바라기가 해를 쳐다보나 관찰한다.
N,방부제처리,대신 집안일시킨다,유명해져서 돈 번다
S,기타를 새로 산다 ,도망간다,자른다
N,젤리가 기타로 변한 원인을 알아낸 후 다시 기타로 돌아올 수 있는 방법을 찾아본다 돌아오는 방법이 없다면 일단 기타케이스에 넣어놓고 기다린다,같이 살게 해주는 대신 서로 규칙을 정한 후 (일주일에 두 번 내 피를 마실 수 있는 대신 모기는 내가 시키는 중요한 일을 해야함) 함께 산다,일단 이런 신기한 일을 영상이나 셀카로 많이 찍어둔 후 해결할 방법을 찾는다 방법이 없다면 한 달 정도 이 상태로 지낸 후 몸에 별 문제가 없다면 유튜브를 시작한다
N,오 신기하다! 오 이게 내 기타라니! 이쁘다!!좋아 귀여워 먼지 묻지 않게 보관함을 인터넷에서 찾아본,모기가 말을 하다니 ㅋㅋㅋㅋ같이 살 가치가 있다 너는 내 피는 먹지마라고 한다,이히 텔레토비 같다 근데 생각하니까 징그럽네; 내 피랑 영양분 먹고 자라는거임? 개싫
N,먹지 말고 현미경 야매로 사서 셀프 분석해본다,일단 진지하게 대화를 해본다,무슨 환경이었는지 떠올리고 정수기를 하나 더 사와서 비슷한 환경에 둔 뒤 해바라기가 거기에도 피는지 확인한다
S,그냥 냅둔다,바로 죽인다,사진을 찍고 바로 꺾는다
S,어이가 없다,싫다고 한다,이해가 안 된다
S,당황한다,내쫓는다,병원에 간다
S,먹는다,싫다,사진찍는다
N,젤리를 먹어본다,"불사조 모기 집을 만들어 주되, 나를 물면 같이 살지 않을 거라 선언한다",특별한 사람이 된 것 같아 다소 재밌고 신난다
S,기타를 산다,살충제 뿌린다,검색해보고 뽑는다
N,그럼 기타 모양 젤리인가? 내 기타 크기랑 똑같은? 그렇다면 한 번 들고 쳐보고 무슨 맛인지 맛봐야겠다.. 맛 없으면 버릴까? 근데 이것도 추억임 잘 보관해봐야겠군… 그럼 기타는 어쩌지 내가 아끼는 건데… 내가 연주를 넘 못해서 도망간 건가 그곳에서도 행복해라…,같이 살자고 하는 거면 나랑 말이 통하나? 그럼 내 피 내 가족 피 먹지 말라고 우선 대화를 해봐야겠다.. 근데 못참고 물면 가두겠다고 협박해봐야겠다. 모기는 피만 먹나? 그럼 뭐 먹이지,이게 뭐여.. 내가 해바라기 좋아해서 생긴건가? 그럼 이제 햇빛.. 많이 봐야겠네.. 타겠다.. 선크림 잘 발라야지… 근데 이거 머리 어케 감고 어케 말리지… 고데기도 이제 못하고 염색도 파마도 못하나.. 이거 계속 자라나? 물 줘야하나?
S,이게 무슨 일이람,이게 무슨 일이람,이게 무슨 일이람
N,소리통을 확보해서 소리가 나는지 쳐보고 소리가 안나면 한 줄씩 뜯어 먹어보면서 맛이 줄 별로 다른지 본다,다른 모기들 잘 다스릴 수 있는지 물어보고 불가능하다 그러면 제발 고상한 모기이길 빌면서 다른 집에 가달라고 부탁한다. 가능하다고 하면 내가 피 뽑아서 비치해 둘테니까 나 물지는 말아달라고 한다. 근데 겨울에는 동면을 하냐고 물어봐야겠다 안그러면 1년 내내 피 뽑히는 건 가성비가 별로임 그냥 같이 못살겠다 하고 안간다고 하면 병에 가둬둔다,해바라기 크기가 모자로 가려지는지 보고 잡아 당겨서 아픈지 본다. 아프면 그냥 달고 다닌다. 햇빛 좋은 창가에 자주 앉아서 해 보게 해준다
S,한입만 먹어본다,지능이 있는거 같으니 날 물지 않겠다는 계약을 받고 어기면 쫓아내기,사진 찍고 자랑하다가 잘라도될지말지 고민하다가 병원가기
S,놀란다,싫다한다,뽑는다
S,신기하다고 생각하고 한번 뜯어서 맛 본다,싫다,자르고싶다
S,가만히 냅둔다,싫다고 한다,만져본다
N,어떤 원리인지 너무 궁금해한다,전기 모기채로 몰래 지져본다,피가 나는지 줄기를 손톱으로 파본다
N,어떤 모양일까 기타줄도 젤리일까 안에는 비었나 큰가 작은가,죽지 않는다 했으니 죽는게 나을만큼 고문함,따본다 피가 날까
S,안타까워한다,그러자 한다,머리에 물을 뿌린다
S,먹는다,죽인다,놀란다
N,허거덩 기타가 얼마였지; 이거 유튜브 영상을 찍어서 본전을 찾아야하나? 이녀석이 원래 기타였다는 걸 증명할 수 잇을까..? ,곤충인데 왜 조지? 라고 생각하다가 조금 늦게 뭐라고요?한다,꽃밭에서 나 어디있게할 수있는 대의명분을 얻엇군; 이라고 생각한다
N,나는 콜라맛 젤리가 좋다 기타젤리에서도 콜라맛이 났으면 좋겠다 왕꿈틀이 젤리 속의 왕꿈틀이가 콜라맛이었는데 그런 맛을 원한다,환경오염을 걱정한다. 환경이 오염되고 파괴되며 여러 돌연변이가 나타나더니 급기야 죽지 않는 모기가 나타난거 같다.,꽃을 가꾸기 위해 노력하며 살아갈듯
N,기타 줄 마다 다른 맛인지 먹어본다,양심적으로 집세는 니가 내 라고 한다,적어도 해바라기씨는 깜장색이니까 비듬으로는 안보이겠는걸? 해바라기씨 초콜렛 맛있는데..어렸을때 진짜 입안으로 훌훌 털어넣어먹었는데
S,일단 이해가 안되지만 보관해두고 새기타 삼 ,전기파리채로 지져서 기절시키고 테이프로 꽁꽁 싸매서 쓰레기통에 버림,머리띠로 장식인것처럼 위장시키고 어떻게든 떼어내려함 
N,젤리기타에서도 소리가 나는지 확인한다 (쪼금 깨물어 먹어본다),혹시 나를 물면 나도 불사조가 되는건지 확인 후 아니라면 다른 사람에게 양도한다,해바라기가 시들지 않게 물을 준다 (평생 해바라기씨를 공짜로 먹을 수 있지 않을까?) 
N,진짜졸라억울하다 악기가얼마나비싼데 고작젤리하나로 변해버리다니내돈이넉무아깝다 어떤새끼가 내 기타를 젤리로 바꿔치기햇는지 씨씨티비를 돌려본다,좋다고 말하고 구슬린 뒤 이새끼를 연구소로 끌고가서 말하는 불사모기라고 설명하고 과학의발전을위해 기부한다,우선 병원에 가본다
S,새로 산다,죽인다,친구한테 보여준다
N,지켜보다 이 젤리를 먹으면 나중에 기타로 변해서 장기를 찢어버리나 고민하다 냉동실에 넣어둔다,내가 도시락이냐고 물어본다 맞다면 에프킬라 공격,일단 어느 병원 가야하는지 검색하고 병원가는 길에 인증샷을 찍어 트위터스타를 노려본다
S,갖다 버린다,내 피만 안 먹으면 같이 산다,그냥 냅둔다
N,언제까지 살아나는지 계속 눌러죽이면서 실험한다 ,,유튜브를 한다. 해바라기씨는 굿즈로 판다
N,젤리를 소중히 보관하되 기타는 새로 산다,에프킬러를 뿌려서 죽여버린다,인스타나 트위터에 자랑하고 기네스북에 등재된후 적당한 관심을 받고 제거수술을 한다
