,mbti,first_comment,second_comment,third_comment
0,N,어떠한 과정을 거쳐 변화되었는지 주변에 마법사가 생겼는지 찾아본다,피 안빨면 같이 살게 해준다,머리에 물을 준다!
1,N,1.망했,2.망했,3.망했
2,N,1 설마 진짜 기타가 젤리로 변하진 않았을거라고 생각하고 가족들한테 이 장난 누가 친거냐고 물어본다,2 고민해본다,3 사진을 찍은 뒤 살살 당겨보고 괜찮을것같으면 뽑는다
3,N,1. 연주해본다,2. 나를 괴롭히지 않는다는 계약서를 쓴다,3. 물은 어떻게 주지 고민한다
4,S,1.먹는다,2.싫다,3.자른다
5,N,1. 일단 다시 돌아올 수 잇으니 모셔둔다,2. 감금,3. 뽑히나?
6,S,1. 어쩔 수 없다,2. 싫다,3. ㅇㅅㅇ ..
7,N,1.일단 놔둔다,2. 꺼지라고한다,3. 주변사람에게 알린다..
8,N,1. 줄도 젤리인지 먹어본다.,2. 가둬둔다.,3. 꽃인간이 된건가 생각해본다.
9,S,1. 뭔소리지,2. 뭔소리지,3. 뭔소리지
10,N,1. 먹었,2. 꿈에서 깼,3. 태양을 향했
11,S,먹었다,싫다,해바라기다
12,S,다시 기타로 되돌릴 방법을 찾아본다,나를 절대 물지 않을 것이냐는 약속을 받는다,좋다고 사방팔방 자랑하고 다닌다
13,S,기타가 더 비싼데 쫌 손해,모기 가둬놓자..,잘라도 안아픈가? 구조가 어떻게된건지 확인
14,N,1. 딱 한입만 먹어본다,2. 거절하고 유리컵에 가둔다,3. 사진찍고 꺾어서 버린다
15,N,돈 아깝구 짜증난다!,함 싸워본다…,친구한테 자랑한당
16,S,나는 이제 기타가 없다,나는 거절한다,나는 거울을 본다
17,N,나는 너무 슬퍼서 울러버렸다,나는 내 피를 먹지않겠다면 그러자고 했다,나는 다른 사람 정수리에는 어떤 꽃이 폈을지 궁금해졌다
18,N,1 매일 다시돌아오라고 기도한다(아주간절하게ㅠㅠ),2 나 안물면 같이살다가 같이 방송출연할듯,3 물주고 잘키운다 무럭무럭자라야한다~^^
19,S,1. 아 기타값이 얼만데 젤리로 다시 되돌릴 방법 강구하기,"2. 어떻게든 죽여서 없애기 근데 말도 하는 거면 나는 지낼 곳 마련, 모기는 다른 모기들로부터 지켜주기로 딜하기",3. 꺾어서 없애기
20,N,1. 크기는 그대로인가 기타의 기능을 할수있나 생각한다,2. 나도 모기의 모습으로 사는게 조건인건가 생각한가,3. 내 머릿속 어느 부분에 씨가 존재하는가 생각한다
21,N,나는 힝구리퐁퐁이다.,나는 니가 싫다.,나는 싹둑 자를 것이다.
22,S,1. 놔두고 기다린다,2. 싫다고 말한다 ,2. 병원에 간다
23,S,1. 뭐야 이게,2. 미칫나,3. 꿈인가
24,S,입에 넣는다. ,죽었다. ,흙이다.
25,S,"1. 왜 젤리로 변하고 @@이야,,, 하면서 놔 둠",2. 싫다고 함,3. 이거 자르면 나도 죽을까하고 고민함
26,S,1.먹는다..,2.거절한다..,3.엥??? 라는 생각만 들다가 자른다... 생각함
27,S,먹는다,거절한다,사진찍고 뽑는다
28,S,1.어이가 없다,2.불쾌하다 거절할것이다,3.무거울것같아서 뽑아버릴수도있다
29,N,1. 맛만본다,2. 미쳤,3. 분무기로 물도 뿌려보고 햇빛에도 쬐여본다
30,S,1.먹는다,2.꺼지라고한다,3.셀카찍는다
31,S,1. 엥 ... 젤리 먹고 기타 새로 산다,2. 엥..? 일단 전기파리채로 죽인다,3. 엥??? 뽑는다?
32,S,1. 조금씩 뜯어 먹는다,2. 내 피는 빨아먹지 않기로 협상한다,3. 사진찍어 올리고 유퀴즈에서 연락올 때까지 기다린다
33,N,1. 먹어본다,2. 꺼지라고 한다,3. 이제 인싸다
34,N,1. 먹어 본다,2. 나는 물지말고 시키는 애 물어라한다,3. 뽑아본다. 피나나?
35,S,1. 짜증난다,2. 싫다,3. 무섭다
36,N,1. 일단 고이 모셔둔다 다시 변할 수도 있으니까,2. 암컷인지 수컷인지 알아본다(암컷이면 내 피를 빨 수도 있으니까) 내 피를 안 빨고 월세를 일부 부담하고 내가 잘때 근처에서 돌아다니지 않는다는 전제 하에 허락함,3.일단 모자를 쓰고 병원에 가서 해결방법을 알아본다
37,S,1.싫다,2.망했다,3.이상하다
38,S,기타젤리다,같이 안산다(사유:징그러움),해바라기프로펠러다
39,S,1. 기타가 젤리로 변하면 나는 ‘어리둥절’하다,2. 불사조 모기가 같이 살자고 하면 나는 ‘싫다고 말한다’,3. 정수리에 해바라기가 피면 나는 ‘뗀다’
40,N,1-슬프지만상하기전에먹는다,2-안물면같이산다고한다,3-사진동영상찍고떼어서꽃병에넣어놓고인터넷에글올린다
41,S,1. 나는 짜증 난다......,2. 나는 큰일 났다......,3. 나는 머리카락 자라는 화분이다......
42,N,"1. 유튜브에 올리거나 제보하고 비싸게 판다, 먼지가 안 묻게 잘 보관한다",2. 모기가 나랑 어떻게 대화했지? 말이 가능한 모기인가 아니면 모스부호같은 걸 날면서 표현하나,3. 키를 다시 잰다 (앗사 키컸다!)
43,N,1. 젤리가 다시 기타로 변할 때까지 젤리가 기억할 만한 음악을 들려주며 기다린다. 젤리를 신나게 한다.,2. 같이 살고싶다면 나를 위해 죽어줄 수도 있냐고 물어본다.,3. 우선 사진을 찍고 친구들한테 달려가 자랑한다.
44,S,1. 조금씩 뜯어먹어본다,2. 정중하게 거절한다,3. 이상태로 과연 출근할 수 있을까 고민한다
45,S,1. '아이고 내 돈'하며 운다,2. 욕하며 때려잡는다,3. 어느 병원에 가봐야할지 고민하다가 응급실 간다
46,N,먹는다,뱀파이어다,화분이다
47,N,먹어본다,싫다고한다,슬프다
48,S,속상하다,절대 안 된다,주변에 자랑하고 물 줘본다
49,N,1. 다시 변할 수 있으니까 기다린다,2. 도망친다,3. 잘라도 될지 고민하다 미용실에 간다
50,N,1. 좌절했다가 어떻게 하면 원래대로 돌아갈지 고민한다.,2. 왜 같이 살자 하는 건지 물어본다.,3. 사진 찍는다.
51,S,1. 살짝 뜯어먹어본다.,2. 다른 집 가라고 한다.,3. 셀카 한번 찍고 뽑아버린다.
52,S,보관한다,싫다,뽑는다
53,N,굴금해하다가 잘 간직,싫,처음엔 신기해서 사진찍어서 주변에 공유 하다가 안뽑히거나 안사라지면 평생 이렇게 살아야하나 해서 울거같음
54,N,1. 마법사,2. 나랑...왜...? 근데 말을 하는거니 지금..?,3. 엥 이거 근데 물 안주면 죽나
55,S,먹는다,물지 말라한다,스크롤을 내렸다
56,N,젤리다,모기장을 산다,꽃이다
57,S,1. 기타가 아깝,2. 싫다고 한,3. 울었
58,N,무슨 맛일까 나는 단거 안 좋아하는데 언제 다 먹지 이거 다 먹으면 당뇨 오겠는데,잠적한다,잘라서 꽃병에 꽂는다
59,S,먹는다,거절한다,뽑는다
60,S,당황스럽다,거절한다,자른다
61,S,1. 엉엉 운다,2. 싫다고 욕 한다,3. 창피해서 어디 나갈 수가 없다
62,S,먹었다,쫓아냈다,병원에 갔다
63,S,돈이 아깝다,싫,뜯어내려고 애를 쓴 후 사진을 찍고 병원 가본다
64,N,젤리에서 소리가 나나 분석해본다,이왕 이렇게된거 모기를 활용해 돈벌 방법을 궁리해보고 수익창출이 된다면 동거한다,틱톡영상을 찍어 관심종자가 된다
65,S,이게뭐지?,극혐한다,이게뭐지?
66,S,믿을 수 없다 기타를 다시 찾아본다,싫다고 한다,잘라낸다
67,S,망가지지않게 냉장고에 넣어둔다,거절한다,꿈인가 생각한다
68,N,당황스럽다,절대 빠져나오지 못하게 가둬둔다,병원에 가본다
69,N,그걸 다 먹어야겠다,소통이 된다면 친구가 될 수 있을텐데 그럼 날 냅두지 않을까,광합성 하러 밖에 나간다
70,S,젤리로 변한 기타를 맛본,먹이를 보장해 줄 수 없다고 한 후 그럼에도 불구하고 같이 살고싶다고 한다면 인간을 먹이로 삼지 않는다면 허락한,병원에 가야할지 고민한
71,N,1. 아까우니 버리진 못하겠어서 먹었다.,2. 알겠다고 하고 유리병 안에 가뒀다.,3. 신기해하면서 인스타에 올리고 햇빛을 쬔다.
72,S,1. 먹어버린다,2. 내쫓는다,3. 병원에 간다
73,N,1. 신기하다,2. 대화가 통할 정도면 이것저것 윤택한 삶을 위한 활용이 가능 할 것 같다,3. 불편하다
74,N,소리나는지 쳐본다,불사의 방법을 알려줄 수있는지 물어보고 가능하다고 하면 비법공유~ 조건으로 살자고하고 실험실에 보낸다,신경이 연결되어있는지 건드려본다
75,S,슬프다,도망친다,키운다
76,N,1. 왜이래 이거,2.뭐야 이거,3.이게 무슨일이고
77,N,"1. 아끼는 기타인데, 어떻게 먹거나 버림.. 그렇다고 냉동 보관하면 냉동실 공간 다 차지하니깐, 아이들 먹으라고 보육원에 기부한다.",2. 오키 하고 모기를 가둬서 연구소에 팔아서 죽지않는 방법에 대해 연구하도록 만든다.,"3. 함부로 잘랐다간 죽을 수도 있으니, 우선은 병원으로.. 설마 민주주의 국가에 날 연구소로 데려가진 않겠지..?"
78,S,1.어쩌겠냐며..버린다,2.나한테 이득이 뭐냐 묻는다,3.뜯어본다
79,N,나는 젤리를 장식했다,나는 싫다고 했다,나는 일단 모자로 가려봤다
80,N,1. 나는 연금술사다.,2. 나는 심심하지 않을 것 같다.,"3. 나는 친구에게 한번 슥 보여주고, 병원에 가서 수술 받을 것이다."
81,S,1. 도둑이 들었나 싶다,2. 이건 뭐지 싶다,3. 얜 또 뭐지 싶다
82,S,슬펐다,거절했다,놀랐다
83,S,먹는다,죽인다,키운다
84,S,운다,싫다고한다,인터넷에 찾아본다
85,S,맛있겠다,으x발,징그럽겠다
86,N,1.기타전문가와 젤리 전문가를 모시고 기타 복원이 가능한지 빌어본다,2.내피를 빨아먹지 않는 조건으로 같이살고 후대에 들려주고싶은 이야기들을 마구 전달해놓는다.,3.조화인지 생화인지 확인해보고 제거수술 가능한지 병원다녀본다
87,N,1. 다시 돌아올 수도 있으니 일단 두고 지켜본다 ,2. 불사조 모기를 잡아서 모기 호박으로 만든다,3. 아침에 등교해야하는데 머리에 해바라기 심고 다니는 관종으로 보일 순 없다. 해바라기를 똥머리처럼 말아서 캡모자에 욱여넣는다
88,S,맛있게 먹는,꺼지라고 한,뽑는
89,S,뭔가 싶다,싫다,힙하다
90,S,기타 아까워,죽인다,..어떡하지?
91,S,먹는다,가둔다,예쁘다
92,S,먹는다,죽인다,키운다
93,N,내가 아끼는 기타가... 슬프다,싫다고 한다,병원에 가본다
94,S,빡친다.,내가 왜,잣대따
95,N,투명케이스에 보관한다,모기를 신경쓰지 않는다,뿌리를 살펴보고 물을준다
96,N,개빡친다,내쫓는다,당황스럽다
97,S,먹는다,싫다,병원에 간다
98,S,개빡친다..,내보내버린다,모자만 쓰고 다닌다
99,S,뭐라는거야,뭐라는거야,뭐라는거야
100,S,우야노,거절한다,자른다
101,N,절망적이다 안 건드린다.…,싫다 쫓아낸다…,인터넷에 검색해본다.…
102,N,맛있을까,싫다고하고 도망간다,신기하다
103,S,먹는다,자살할까,자른다
104,S,운다,나가라한다,자른다
105,N,가장 아끼는 젤리가 생겼다,작은 모기장을 만들어 가둔다,해바라기이다
106,S,1. 가성비 박살난 상황이 짜증남,2. 무시하고 잡아 죽임,3. 사진찍음
107,S,먹었다,싫다,꽃이다
108,S,젤리가 생겼다,싫,어이가 없
109,N,내가 미쳤나 싶을 것 같다,사는 대신 베네핏은 없나요?,사진 엄청 찍어놓고 잘라낼 것 같다
110,S,새로산다,절대 싫다고 한다,병원간다
111,S,내기타 얼마짜린데...,싫어 모기극혐,병원가야지
112,N,다시 돌아올 때까지 기다리다가 100일 지나도 안 돌아오면 그냥 먹는다. ,가둬서 유튜브 컨텐츠 오지게 뽑은 다음에 연구센터에 거액을 받고 판다. ,유튜브 컨텐츠 오지게 뽑은 다음에 병원에 가서 안전하게 제거한다.
113,N,먹는다,죽인다,사진 찍는다
114,N,나는 너무 속상해서 눈물이 고였다,나는 어이없어서 웃음이 나왔다 혼자가 좋다고 대답한다,나는 귀요미다
115,N,젤리에서 소리가 날까 궁금했,모기의 과학적인 비밀을 밝혀내 인간에게 도입시킬수 있을까 생각했,본체가 사람인 꽃인걸까? 꽃인 사람인걸까? 정체성에 대해 고민하기 시작했
116,N,한입먹었다,일주일에 한번만 물라고 거래한다,침대 방향을 해 비추는 쪽으로 바꿔준다
117,N,그 젤리를 병에 담아 보관했다,그 모기를 병에 담아 보관했다,그 해바라기를 병에 담아 보관했다
118,S,눈물을 흘린다,ㅇㅋ ㄱ 대신 난 안물기?,뜯어본다
119,N,일단 무슨 맛인지 핥아본다,내 피를 먹지 않는다고 약속 하면 ㅇㅋ 한다,사진찍어 인스타 스토리에 올린다‘정수리에 해바라기 핌ㅋㅋㅋ’
120,N,망했다,망했다,해바라기다
121,S,짜증난다,싫다고 한다,엥? 하고 사진 찍는다
122,S,장식장에 보관한다,냉동실에 얼려버린다,잘라버린다
123,S,큰일났다,죽였다,해바라기다
124,S,꿈을 꾸고있다,꿈을 꾸고있다,꿈을 꾸고있다
125,S,황당하,그 불사조 모기를 영원히 가둔,뽑았
126,N,1. 엄청 맛있어한다. 굉장히 아꼈던만큼 맛도 굉장하겠지!!!!,2. 각서를 쓰자고 한다.. 나 물지마 물면 쫓아낼거임,3. 귀여울 것 같다ㅠㅠ 기분 좋으면 해바라기도 좌우로 살랑살랑 움직일듯 ㅠㅠㅠ
127,S,어쩌라고,개싫,해바라기
128,N,개빡친,개극혐한,기절한
129,S,먹을것이다,거절할것이다,떼어버릴 것이다
130,N,젤리로 변한 기타를 보고 허망하게 10분 있다가 해결방법을 고민해본다,집 밖으로 영원한 퇴출,잘라서 집에서 키우기
131,S,그렇구나,저리가라,자른다
132,N,소리가 나는지 쳐본다.,월세 같이 내주면 알겠다고 한다,해바라기 씨를 먹어본다
133,S,나는 하리보다 ,내 피를 먹지않겠다면 괜찮다...,오 귀여운데
134,S,기타 찾아보고 누가 훔쳐갔나 분실신고한다,에프킬라 뿌린다 창문열어서 밖으로 보낸다,화분에 옮겨심는다
135,N,나는 슬라임이다!,모기를 가지고 실험을 해본다!,밭 이다!
136,S,기타가 아까웠,싫다고 했,바로 뽑았
137,N,먹는다,진짜 안 죽는지 잡아본다,뽑는다
138,S,1. 모셔둔다,2. 전기파리채로 지져도 안죽는지 실험해본다,3. 병원에 간다
139,S,어이가없다,거절한다,내신경과이어져있는지확인하고자른다
140,S,아까웠,망했,망했
141,S,뭐?,싫다,뭐?
142,S,먹는다,꺼지라한다,원인을 알아본다
143,S,엉? 난 기타 없다,모기가 나랑 왜 같이 살아…,황당하다..
144,S,일단 냅둔다,평생 통에 가둔다,"어떡하지,,,,,,?"
145,N,개빡친,개빡친,개빡친
146,S,화난다,가둔다,유튜브를 찍는다
147,S,화가난,싫다고한,빼야한
148,S,화가난다,그러든가,오 대박
149,N,다시 돌아올수도있으니 우선 보관한다,평생 피를 줄순없으니까 다른곳알아보라 한다,해바라기에 무슨 기능이있는지 살펴본다
150,N,기타줄을 당겨본다 ,"날지 않고, 삐를 먹지 않으면 친구를 할 생각이 있지만, 그렇지 않으면 안되겠다고 거절한다.",사진과 동영상을 찍은다음 친구들에게 배포한다
151,S,되돌릴 방법이 없나 고민하다 화낸다,쫓아낸다,우산처럼 쓴다
152,S,뭔 말도 안되는걸 질문하는거지?,,걍 스크롤 내린다
153,N,꿈을꾸고있,통에가둔,흙이되어있었
154,S,젤리가 상하면 기타가 상할 수 있으니 시원한 곳에 보관한다,밀폐된 상자에 가둬서 땅 속에 묻는다,해바라기를 제거하면 내 건강에 영향이 있을지 알아본다
155,S,운다,싫다고한다,병원에간다
156,N,기타를 부둥켜안고 운다,진저리치며 저리 꺼ㅈ라고 한다,꽃핀 김에 셀카를 여러장 찍는다
157,S,1. 기타를 새로 산다.,2. 어떻게든 죽인다.,3. 그럴리가없다.
158,S,"1.내가 아끼는 기타였는데 .. 슬프게 됐군 ,.",2.싫다,3.나 특별한 존재인걸까
159,S,1. 기타가 젤리로 변할 리 없다. 꿈이네,2. 불사조 모기가 있을 수가 없고 모기가 말을 걸 리가 없다. 꿈이네,3. 정수리에 해바라기가 자랄 수 없다. 꿈이네
160,N,1 먹어본다,2 나를 안문다는 조건의 계약을 한다,3 셀카랑 동영상 찍어놓고 자른다
161,S,엥? 이다,싫다,사진찍고 뽑는다
162,N,1. 난 젤리 안좋아해 기타 돌려내,2. 짜증나게하지말고 으깨서 죽인다,3. 텔레토비 같이 귀엽네
163,S,어이없다,싫다고 한다,잘라낸다
164,S,1. 기타를 새로 산다,2. 거절한다,3. 병원에 간다
165,S,한입 먹어본다,싫,달고다닌
166,N,나는 살짝 먹어본다,나는 읭? 절대 못살아 라고 한다,나는 오 웃긴데? 사진 찍고 병원을 간다
167,S,1. 어이없어한다,2. 거절한다,3. 미친소됐네라고 말한다
168,N,왜 이런 일이 생겼는지 모르겠,거절한,일단 대책없이 즐겁
169,N,1. 맛을 본다!,2. 모기를 잡아서 연구소로 보낸다,3. 블라인드를 올리고 해를 비춰준다
170,S,1나는 (떠오르지 않음..) 다,2.나는 (싫)다,3.나는 (당황스럽)다
171,S,1. 먹는,2. 싫,3. 자른
172,S,1. 나는 사람이다,2. 나는 사람이다,3. 나는 땅이다
173,N,운다,도망간다,해바라기씨를 먹는다
174,N,1. 한번 쳐본다,2. 하.. 진짜 싫어,3. 나는 해바라기 인간이다
175,N,1 슬프다,2 거절한다,3 자른다
176,N,1. 신기하지만 슬플거 같다.,2. 미안하지만 그건 안될거 같다고 거절한다.,3. 믿을 수 없어서 인터넷에 검색해본다.
177,S,1 당황한다,2 거절한다,3 사진찍는다
178,S,짜증난다,싫다,곤란하다
179,S,1.젤리를 보관한다,2. 모기를 가둔다,3. 병원에 간다
180,N,1. 망연자실 하겠지만 일단 잘 보관해둔다,2. 날 물지 않고 다른 모기들을 대신 죽여주겠단 계약서를 작성,"3. 나같은 경우가 있는지, 해결 방안은 어떠했는지 무한서치"
181,N,1. 기타로 다시 되돌아 올 수도 있으니까 소중히 보관한다,2. 잡아서 상자에 가둔 뒤 창 밖으로 던져버린다,3. 물도 주고 잘 키우는 영상을 유튜브에 올려서 떼돈을 번다
182,N,1. 기타젤리를 먹어본다,2. 유리병에 가둔다,3. 큰모자로 안죽게 숨기고 병원에 가본다
183,S,1. 뭔소리냐,2. 윽 너무시러,3. 뽑아버림
184,S,당황스럽다.,도망간다.,꿈이라 생각하고 다시 잔다.
185,N,한입 깨물어본다,모기를 죽여본다,셀카 찍는다
186,S,1. 개빡친다..,2. 거절한다,3. 뽑아버린다
187,S,1. 손해봤다,2. 싫다,3. 병원에 간다
188,S,나는 아끼는 기타가 없다,나는 안믿는다,나는 꽃을 만져본다
189,N,1. 한 번 맛을 봐본다,2. 처죽인다,3. 물을 한 번 줘본다
190,S,1. 이게무슨일인가싶다,2. 싫다,3. 약간 정신나간 사람이다
191,N,1. 슬프다... 기타와 함께 즐겁게 연주하며 동거동락한 세월을 회상한다... 하지만 젤리는 맛있다,2. 너무 싫엉,3. 한층 더 귀여워진 내 모습에 만족한다 어떡하지 너무 귀엽다...
192,S,1.기타를 다시 산다,2.죽인다,3.뭐지? 뽑을까
193,S,1.먹는다,2.꺼지라고 한다,3.꿈인가싶다
194,N,미쳐버린,같이 못산,해바라기
195,S,먹어본다,거절한다,병원에간다
196,S,먹어본다,쫓아낸다,뽑아본다
197,S,뭔 소리야,말이되나,어이가없네
198,S,1.당황했다,2.싫다,3.당황했다
199,N,1. 다시 기타가 될지 모르니 일단 버리지 말고 냉장고행,2. 거절의 표시로 홈매트를 켜고 에프킬라를 온 집안에 뿌린다/ 그래도 안되면 잡아서 돈받고 과학기관에 넘긴다,3. 일단 병원에 가본다
200,S,먹는다,죽여버린다,말이 안된다
201,S,새 기타를 산다,꺼지라고 한다,잘라버린다
202,N,1. 나는 젤리기타 연주자~,2. 나에게 무슨 이득이 있지? 하지만 죽지않고 산다니 친구가 될 순 있겠네,3. 나는 해바라기 인간!
203,N,1.누가 바꿔놨는지 의심한다,2.저리가라고 한다,3.병원에간다
204,S,1 응,2 응,3 ㅇㅇ
205,S,1. 먹지않고 보관한다.,2. 이사간다.,3. 물을 준다.
206,N,1. 아끼는 기타라면 속상할 것 같은데.. 차라리 이 세상이 다 젤리가 된다면 속상하진 않을 것 같다.,"2. 협상한다. 내 피만 안 먹는다면, 잘 때 내 주면만 맴돌지 않는다면 같이 살 수 있다.",3. 해바라기 꺾일까봐 머리 박박 못 감을 것 같은데...걱정..
207,S,나는 놀란다,나는 싫다고 한다,나는 뽑아버린다
208,N,1. 다시 변할수도 있으니 고이 보관한다,2. 거절한다,3. 꿈인가?..
209,N,1. 단맛이 나는지 한번 핥아본다,2. 내 피를 먹을건지 물어본다,3. 거울 앞에서 한참 보다가 뽑히는지 뽑으면 아픈지 살짝 당겨본다
210,N,1 - 맛있게 먹는다,2 - 방 한쪽 내주는 대신 내 피는 안빨아 먹는다는 조건으로 합의를 본다,3 - 무슨 원리인지 생각해 본다
211,N,먹는다,싫다,소름돋는다
212,S,놀랐,혐오,병원갔
213,N,맛이 어떤지 궁금하니까 한번 핥아보고 혹시라도 돌아올 수 있을지도 모르니까 보관해둔다,"대신에 물지않기, 밤에 소리내지 않기를 지켜준다면 같이 살 수 있다고 말해준다",일단 사진 찍어서 sns에 올리고 세상에 이런일이에 제보한다
214,N,쳐도 끊어지나 안 끊어지나 쳐 봄,사라져 주세요,과학 기관에 돈 주시면 연구하실 수 있게 협조하겠다고 함
215,S,젤리를 먹는다,못산다,운다
216,S,당황할것이다,너무싫다 싫다고 말한다,당겨보고 안아프면 뽑는다
217,N,먹는다,같이 살기 싫다고한다,씨가 잘있는지 본고 다른곳에도 심어본다
218,N,나는 젤리다,죽였다,뽑아본다ㅜㅜ/텔레토비다
219,S,1. 빡친다,2. 왜냐고물어본다,3. 밖에나가지못한다
220,N,1. 대왕젤링 한번 때려본다! 근데 나중에 검나 슬플듯,2. 안돼!하고 방생한다,3. 한번 물을 줘본당
221,S,속상하다,너무 싫다,뽑아도 되는 건가
222,N,손상되지 않게 보존한다,가둬놓는다,사진을 찍는다
223,N,1. 내 기타 ㅠㅜ 고이 봉투에 담아 냉장 보관한다,2. 모기망에 넣어놓고 같이 산다,3. 기다렸다가 해바라기 씨 먹어야짐 ㅎㅎ
224,S,나는 속상하다,나는 질색하고 쫓아낸다,나는 없앨수있는지 당겨본다
225,S,1. ?,2. 미쳤다,3. 귀엽다
226,S,맛있겠다고 생각한다,거부한다,텔레토비가 됐다
227,S,1. ? ㄹㅇ 무슨 소리야,2. 거절한다,3. 뽑아본다
228,N,나는 좀 더 달콤하게 기타를 치는 사람이다,모기는 안돼 죽여버린다,머리를 세게 흔들어서 해바라기 씨를 수확해본다
229,S,빡침,나한테 왜 이러는건지 어질어질함,신기함
230,N,1. 젤리 기타도 소리가 나는지 확인해본다,2. 나를 물지않는 조건을 건다,3. 머리띠 쓴줄알면 어쩌지 하고 걱정한다
231,S,젤리다,알겠다,해바라기
232,S,슬프다,유리병에 가두고 바닷가에 던져버린다,자른다
233,N,울면서 기타를 알아봤다,진공에 가둬버린다,잘라서 꽃병에 보관한다
234,N,안 썩게 만든다,이유를 물어본다,"뭔 야 이건,,, ㅠ"
235,S,- 뭐래는 거야 ..,- 꺼지라고 했다.,- 엥 ?
236,S,1.안돼 내 기타ㅠㅠㅠㅠ,2.미치겠다 너무 싫어,"3.어떡하지, 뿌리까지 뽑힐까? 뽑아도 다시 자랄까? 남들 앞에 있을때 자라면 어떡하지?ㅠㅠ"
237,S,어이없다,꺼지라 욕한다,황당하다
238,S,뜯어먹어본다,정중하게 나가달라고 부탁한다,병원에 간다
239,S,먹고 새로산다,거절한다,병원간다
240,S,1. 유리통에 보관한다,2. 도망친다,3. 사진을 찍는다
241,S,1. 슬프다,2. 화난다,3. 병원에 간다
242,N,다시 기타로 돌아가게 하는법을 찾는다,불사조라고? 휴지로 꾹 눌러서 진짜 안죽는지 시험해본다,해바라기...... 안 뽑히면 그냥 같이 산다
243,S,1.먹어본다,2.싫다,3.운다
244,S,1. 보관한다,2. 다른집가서 살라한다,3. 해바라기 뽑아서 심는다
245,S,1.먹는다,2.죽고싶다,3.쓰다듬는다
246,S,1. 언제 다 먹음? = 먹는다,2. 가둔다 - 못 죽이니까,"3. 자른다 - 일단 해바라기가 자랄 때마다 자를듯, 나중엔 병원가거나, 뽑는 건 하이리스크"
247,S,나는 마법사다!,나는 도망간다!,나는 당황스럽다!
248,S,먹는다,거절한다,조금 더 귀여워져 버렸다
249,S,1. 먹는다,2. 싫다,3. ......? 당황한다
250,N,1. 운다,2. 운다,3. 운다
251,N,1.기타 모양 젤리이면 연주해본다!!!,2.날 물고 나도 불사조로 만들어 달라고 한다!!!,3.원래 텔레토피인가…????
252,S,1. 안 믿는다,2. 나대지 말라고 한다,3. 뽑아버린다
253,N,1. 나는 젤리나라 최고 기타리스트,2. 내 피는 안 먹겠다고 약속해조...,3. 이제부터 해를 사랑할거야
254,N,1: 어처구니가 없다,2: 짜증난다,3: 꽃을 본다
255,N,혹시 또다시 기타로 변할 수 있으니 고이 모셔둔다,바로 잡아서 밀봉하고 냉동실 저밑에 넣어둔다,머리 위에 달고 다닐 순 없으니 잘라서 꽃병에 넣는다
256,N,1. 어이가 없다,2. 거절한다,3. 일단 사진을 찍어둔다
257,N,1. 먹는,2. 도망간,3. 기른
258,N,1. 일단 사진부터 찍어서 친구들한테 이 어이없고 황당한 일에 대해 잔뜩 이야기하고 다닌 뒤 먹어서 기타 젤리의 맛은 기타 맛일지 젤리 맛일지 확인해본다,"2. 불사조 모기면 절대 같이 살기 싫은데,,, 불새처럼 뜨거우랴나? 약간 그 모기가 무는 곳마다 살이 익을 슈도 있을까",3. 거울을 보ㄱ 해바라기를 뽑아보려다 뇌랑 연결됐을 수도 있다는 생각에 일안 병원으로 당장 향한다
259,N,1. 언제 다시 기타로 변할지 모르니 젤리를 소중히 보관한다🥺,2. 나를 물지 않고 내가 싫어하는 사람만 물어준다는 조건하에 승낙한다😡,3. 영상을 찍어 유튜브에 올리겠다🤗
260,N,너무 속상할거같다 혹시 다시 돌아올 수 있으니 먹지는 않는다,정말싫다,우와 공짜 머리띠
261,S,유리 보관함에 보관한다,미안해 난 너와 함께 살 수 없을 거 같아 라고 회유하며 모기의 앞날과 미래를 응원해주고 다른 곳으로 보낸다,거울을 보고 비명을 지르지만 이내 머리를 흔들거리며 동생에게 다가가 자랑한다
262,S,엥?,싫,자른
263,S,부서지지 않게 잘 보관한다,가두거나 멀리 보내버린다,사진을 찍어둔다
264,S,먹는다,욕한다,놀란다
265,S,신기하,모기장을 사거나 모기를 넣을 수 있는 투명한 플라스틱 박스를 살 것이,없앨 수 있는 방법을 찾고 없으면 매우 부끄러워서 집에 숨다가 세상에 이런일 제보한
266,N,1.젤리를 튕겨도 기타 소리가 더이상 안 나 아쉽다,2.평생 빨릴 피를 내가 가지고 있지 않아 두렵다,3.해바라기가 죽지 않으려면 햇빛을 얼마나 쐐야 하나 검색해본다
267,N,나는 '젤리기타를 얻었'다.,나는 '나를 절대 물지 않기로 각서를 쓰라고 했'다.,나는 '해바라기씨를 뽑아 먹을 수 있게 되었'다.
268,N,울면서화낸다,싫다고한다,병원에간다
269,N,1.그래도 쳐보고 싶다 줄 하나하나..,2.너무 싫다,3.오 귀여울 것 같다
270,S,안먹고 놔둔다,거절한다,징그러워한다
271,S,황당하다,죽인다,그냥 둔다
272,S,하리보?,싫다고한다,떼 버린다
273,N,먹었다,잡았다,다시잤다
274,N,기타 헤드만 한 입 먹어본다. 사진 찍어서 내 기타가 젤리가 됐다고 신기해 하며 인스타에 올린다.,모기가 적어도 나는 안 물리게 락앤락 통으로 가두고 테이프로 밀봉한다. 근데 돌아다니다 락앤락 통 차버리면 또 잡아야 되는데 어쩌지? 창고에 가둘까..,나는 사진 해바라기와 동체가 됐으니 나는 꽃이다! 꽃이라고 말하고 다닐거다. 근데 머리감을 때 어떡하지? 꽃에 물 많이 줬다고 시들지 않으려나
275,N,아쉽지만 젤리를 보관해둔다,모기 밖으로 쫓아보낸다,신기하니까 일단 사진 찍고 밖을 나가야 하는 상황이 오니까 꺾어서 화분에 심어둔다
276,N,- 판다,-가둔다,- 유명해진다
277,S,먹어본다,이사간다,잘라버린다
278,S,꿈을꿨나보다,싫다,해바라기를 꺾었다
279,S,1. ....?,2. 굳이...?,3. ㅇ0ㅇ....?
280,N,레진 같은 걸로 보존해서 키링 만들어 다른 기타나 내가 매일 지닐 수 있는 곳에 달기,곤란한데...... 다른 숙주 찾아,이제 헤드셋 못 끼나?
281,N,1. 엥??? 이게뭐야? 황당해한다,2. 왜 같이 살고싶은뎅? 물어본다,3. 에엥?? 놀라며 친구한테 전화해서 나 지금 이렇다하며 썰을 푼다
282,N,1. 이제 세계최초로 젤리로 만들어진 기타를 연주할 수 있는 기타리스트가 되었다,2. 평생 모기에 계속 물리면서 모기약만 바르게되었다,3. 해바라기를 빼기 위해서 수목원에 갈지 내과에 갈지 외과에 가야할지 고민한다
283,N,신기해하며 사진 찍은 다음 먹고 잊어버린다,거절하고 새로운 룸메를 연결해준다,친구들에게 보여줄 사진을 찍고 뗀다
284,N,한 입 맛본다,안된다 한다,아프겠다
285,S,나는 모르겠다,나는 싫다,나는 안믿는다
286,S,한 번 쳐본다,싫다고 말한다,뽑아버린다
287,N,1. 혹시 나도 젤리인가... 나는 젤리다.,2. 나도 동족일지도... 나는 모기다.,"3. 내 정수리에 해바라기가 폈으면, 내가 땅이겠구나... 나는 땅이다."
288,N,나는 me쳤다,나는 me쳤다,나는 me쳤다
289,N,1. 신이다,2. 불사조니까 죽일수도없고 착한말 좋은말로 회유해서 싫어하는사람 한입씩 먹게하는걸로 공생한다,3. 맨날잘라서 당근에 팖 창조경제
290,N,한입먹어본다,피가너무많이빨려서죽었다,화분이다
291,S,슬프다,싫다,어떡함?
292,N,나는 사실 마법사다,그렇담 나는 절대 죽이는 모기살충제다,그러면 나는 다른 꽃도 피울 수 있으려나 싶은 사람이다
293,N,꿈인지 확인해본다,생각할 시간을 달라고 한다,지식인에 물어본다
294,N,1. 먹고 기타는 새로 산다,2. 통에 넣어버린다,3. 뿌리 뽑는다
295,S,젤리 기타를 쳐본다,내 피는 못준다고 한다,셀카를 찍는다
296,N,다시 돌아오진 않을까 며칠 밤은 둬 본,쫓아낸,진짜 해를 쫓아다니는지 해가 지면 시무룩해지는지 관찰한
297,N,궁금해서 맛을살짝보았다,싫다고하고 전기파리채로기절을시켰다,눈물이났다 뗄수있을까? ㅠㅠㅠ
298,S,일단 내일까지 기다려보고 다시 안 바뀌면 젤리 보관해놓기,더 좋은 집 소개시켜주기 ㅎ,일단 머리에서 뽑히면 뽑기...
299,S,1. 젤리다...??,2. 거절한다,3. 뭔 되도않는... 어쩌라는거지...???
300,N,엥 이게 무슨일이지 이럴 수가 있나 어이없다,으악 징그러워 절대 싫다,일단 웃고보는데 걱정됨 어디병원을 가야하지 가기 전에 기념사진 찰칵
301,N,기타만한젤리 껴안고 자보고싶다,절대 죽인다,해바라기 꺾어서 꽃집 열면 창조경제 가능...
302,S,1. 오 뭐여 한다,2. 싫다고 욕한다,3. 신기해한다
303,N,1. 기타모양 젤리이면 사진찍어서 올린다,2. 같이 사는 대신 내 피 먹지 말라고 계약서 작성한다,3. 머리띠를 쓰고 놀이공원 간다
304,N,1. 방부제와 함께 우선 기타 케이스에 고이 보관한 뒤 해결방안을 찾아본다,2. 죽을만큼 괴롭게 만들어주겠다고 협박해본다,3. 물을 줘본다..? 섣불리 뽑긴 무서우니까 병원에 간다
305,S,나는 보관한다.,나는 싫다.,나는 꽃이다.
306,N,나는 등가교환을 믿기 때문에 일단 보관해둔다 약간 맛만 조금 본다 (기타줄이 살짝 짧아질 것이다),나는 불사조 모기의 필요성을 알기 때문에 일단 그 아이의 방을 마련해준다,나는 일단 실험삼아 그것을 뜯어내본다 나를 플라워 정원이라 할 것 같은 사람들은 특히 마주치는 것을 피해본다
307,S,먹는다,죽는다,엥?
308,S,1. 일단 운다,2. 내가 얻는 이득이 뭔지 물어본다,3. 어떻게 가리고 수업에 갈지 생각한다
309,S,당황스럽다,절대 싫다,지식인에 쳐본다
310,S,1. 일단 한 번 맛 본다,2. 죽진 않더라도 가둘 순 있겠지 모기를 가둘 감옥 만들기,3. 오 유튭각인데 하고 영상 찍기
311,S,화가난다,싫다고한다,방송에 제보한다
312,S,기타를 다시산다,불사조모기를 죽일 방법을 궁리한다,빨리 병원에 간다
313,N,1.한 입 먹어본다,2.채집통에 가두고 피를 안먹고 언제까지 살아남는지 관찰한다. 끝까지 살아남으면 나 장례 치를 때 불쏘시개하라는 유언을 남긴다.,3. 셀카 찍고 싹뚝
314,N,기타 케이스에 넣어져 있으면 그대로 보관하고 덩그러니 기타만 있다면 잘라서 보관해둔다,이유를 물어보고 너는 평생 내 피를 빨아먹으면서 살 수 있지만 나는 어떤 부분에서 너랑 살면서 이득을 얻는지 물어본다 이유가 없다면 나중에 몰래 들어와 살 수도 있으니 잘 타일러 단호하게 돌려보낸다,만져본 다음 아프면 병원에 가고 아프지 않다면 잘라낸다 어차피 머리 감을 때 샴푸를 하니 오래 살진 못할 거다
315,N,보관한다,싫다,무슨일인지 알아본다
316,N,-혹시 다시 돌아올수도 있으니까 고이고이 보관해놓는데 맛은 궁금하니까 한번만 핥아본다,-진짜 개싫다고한다,-허어얼 머리따라 움직이나 머리 흔들흔들 해보고 사진찍는다
317,N,1. 먹어 버린다,2. 태워 버린다,3. 뽑아 버린다
318,S,1. 젤리 버전의 미다스이다,2. 주둥이부터 뽑고 오면 생각해보겠다고 말한다,3. 고흐다
319,S,화가 나지만 먹어본다,진짜 싫다,당황하지만 사진 찍는다
320,S,잘 보관한다,다른 주인 찾으라고 밖으로 내쫓는다,꺾어버린다
321,S,"아•••내 돈,,,,",제발 저리가,말도 안 돼
322,S,1.먹는다,2. 피한다,3. 광년이다(?)
323,S,버린다,여러 방법들로 죽이려고 해본다,꺾어서 버린다
324,S,1.나는 먹어버린다,2. 나는 피가 맛있는 다른 친구를 알려준다,3. 나는 머리감을 때 꽃이 망가질까 걱정한다
325,N,다시 변하길 바라며 보관해둔다,제발 같이 안살수없는지 물어보고 거절..,사진찍어두고 모자쓰고 병원가본다
326,N,일단 그냥 둔다,당장 내쫓는다,병원에 간다
327,S,먹는,거절한,만져본
328,N,1.엥 이게 되나 내 기타…. 돈….,2.에 너랑 왜살아 절대 네버 노,3. 으잉? 갑분 해바라기? 근데 우히려 좋아 예브다
329,S,젤리다,싫다,귀엽다
330,S,먹는다,죽는다,아픈지 확인하고 안아프면 자르거나 뽑는다
331,S,먹는다,싫다고한다,누른다...?
332,N,1. 기타가 젤리로 변했다니...!한입먹어봐도될까?,2. 나는 이 모기를 키워보기로 했다. 그냥 돌아다니면 귀가 시끄러우니 큼지막한 집을 사줘야지.,3. 헐 세상에나 머리에 꽃이 자라나다니! 일단 인증샷을 찍고나서 자세히 봐야지. 머리카락속에 뿌리가 박혀있는건가?어디까지 자라려나?
333,S,먹는다,싫다,물을 준다
334,N,1) 아니 누가 이런거야 ㅠㅠ 근데 소리는 나나..? 근데 이런 모양이면 비싸게 팔릴 듯..? 함 팔아봐야지~,2) 내가 공격하면 얘도 날 공격하겠지..? 적으로 만들 이유는 없으니 우리 가족 물지말라고 부탁해야겠다 ㅠㅠ,3) 오잉..? 시들면 어떡해..ㅠㅠ 항상 파릇파릇한 모습으로 있는다면 열심히 가꿀 생각 있습니다 가끔 배고플 때 씨 하나 빼먹고 개꿀?
335,N,1. 헐 아니 이게 실화야? 거짓말.. 하며 한입 먹어 본다 ,2. 불사조라는 것이 믿기지 않아 한번 죽여보고 살아나면 미안하지만 거절한다,3. 헉 해바라기씨 먹을 수 있네 오히려 좋아 (?
336,S,뭔소리야 그럴수가있나,내가 때려잡아도 살려나,떼야지
337,N,1. 나는 짜증난다... 아니 근데 젤리로 왜 바뀌는거지 왜 하필 젤리야 먹어도 되나?,2. 내가 왜 모기랑 같이 살아 장난하냐 너같으면 귀옆에서 왱왱거리는데 같이 살고싶겠냐? 전기파리채로 지져버릴라,3. 줄기를 자르면 나는 죽는걸까? 라고 생각이든다
338,N,1. 먹어본다,2. 거절한다,3. 사진을 찍는다
339,S,슬프다,너무 싫다,사진찍고 짤라버린다
340,N,황당하다,싫다고 한다,사진 찍어서 친구한테 보여준다음 병원에 간다
341,S,슬프다,가둔다,정수리 뿌리부분 만져본다
342,S,먹는다,거절한다,병원간다
343,S,1. 화가난다,2. 거절한다,3. 뿌리를 뽑는다
344,N,소리가 나는지 연주해본다,나 안 물 거냐고 물어본다,뽑을 수 있는지 살짝 당겨본다
345,S,다시 기타로 변할 수도 있으니 잘 보관한다,거절한다,사진 찍는다 (거울샷 필수•••)
346,S,나는 젤리기타다,나는 이제 유부녀다,나는 돌연변이다
347,N,1. 혹시모르니 냅둔다.. 근데 궁금하니까 살짝 맛보기,2. 나를 물건지 물어보기.. 근데 내쫓고싶을듯,"3. 나만 그런건지 검색해본다, 일단 뽑아보려한다"
348,S,1. 먹어버리겠다,2. 죽어버리겠다,3. 미친사람 취급받을 수도 있겠다는 생각이 든다.
349,N,소리가 나는지 연주해보고 기타로 다시 돌아오기를 빌며 보관한다,밖으로 내보낸다 아니면 내가 나간다,일단 사진을 찍고 털어서 해바라기씨가 털리는지 시도해본다 그리고 무거우면 따고 무겁지 않으면 달고다닌다
350,S,당황스럽다,진짜 싫다,어이없어서 웃기다
351,S,1.기타는 어디가고 젤리가 있지? 먹으면서찾아본다,2. 뭐래!? 꺼져라 해충아,3. 재밌는 꿈을 꾸고있네! 라고생각한다
352,S,1. 이게 가능한가..? 뇌정지,2. 그냥 컵 같은 곳에 가둔다,3. 가위로 자른다
353,S,나는 놀랐다,나는 거절한다,나는 사진 찍는다
354,N,벌레가 꼬이지 않게 방부처리를 한다.. 내 기타 아까워ㅠㅠ,모기랑 같이 살기는 싫으므로 거절한다,해바라기를 관찰하고 셀카 찍는다
355,S,아쉽다,절대 절대로 싫다,유명해진다
356,N,1. 빨리 기타로 돌아오지 않으면 먹어버리겠다고 협박한다,2. 일단 동영상을 찍어 SNS에 올린다 님들 이거 보셈 안 죽는 모기임! 진짜 안 죽는다니까?? ㄹㅇ임! 영상 조회수를 있는 힘껏 뽑아낸 후 한겨울 영하 -10도의 날씨일 때 쫓아낸다,3. 나에게 큰 병이 생긴 건 아닌지 온갖 호들갑을 떤 후 인증샷을 찍는다 근데 해바라기 피면 밖에 나가면 해를 따라 고개가 돌아가는 해바라기를 볼수 있는 건가여? 그건 좀 흥미로운데?
357,N,1.아…내기타 아깝다.. 근데 이렇게 두면 벌레꼬일텐데 ,2.극혐!!! 가둬서 안보이는곳에 둔다,3.싫다..무섭다 뿌리를 어디에 내린거지….?
358,N,난감하다,쫓아낸다,“뭐야 이거” 한다
359,N,통에 보관해두기,같이 살고 싶다고 하는 이유부터 들어보기,햇빛 쬐러 나가기
360,S,친구들이랑 가족한테 기타가 젤리로 변했다고 알린다,온 몸에 기피제 바르고 방송국에 제보한다,사진 찍고 방송국에 제보한다
361,S,젤리가 썩기 전에 얼른 먹는다,모기를 내쫒는다,정수리에 물을 준다
362,S,1.먹는다,2.싫다고한다,3.뽑는다
363,S,충격에 입을 못 다문다,너랑 같이 살아서 뭐해? 라고 말한다,가위로 잘라버린다
364,S,망했다 기타 또 사야되네,조졌다,드디어 미쳐버렸나 보다
365,N,1. 내돈 내 기타 돌려내,2. 욕한다,3. 뽑는다
366,S,무슨 맛인지 궁금하니까 한입만 먹어본다,싫다고 한다,병원에 가서 제거한다
367,N,나는 마법사인것같다,나는 불사조모기와 매주 일정량의 피를 제공할것을 계약한다(대신간지러우면 죽음특약사항 추가),나는 해바라기를 꺾어 꽃병에 꽂아놓는다
368,N,거지,망했,조졌
369,N,맴이 아프다,절대 싫다,징그럽다
370,N,일단 한번 튕겨본다,싫다고 꺼지라고 한다,헐 뭐야 이거?!?!?!?!!! 찐임?!?!?!!!이라고 한다
371,N,허탈하게 웃다가 맛본다,계속 날아다닐거냐고 물어본다,멋진 아이덴티티를 가지게 됐다
372,N,먹는다,딜을 한다 (예를들어 내가 싫어하는 사람 발바닥을 물어달라거나),뽑는다
373,N,한참을 쳐다본다,죽여본다,사진을 찍는다
374,S,다시 돌아올수 있으니까 기타 가방에 넣어서 보관한다,가둬놓고 아무곳도 못 가게한다.,사진 찍어서 제대로 확인
375,N,살짝 핥아본다,조금 고민해본다,사알짝 진짜 조금만 뽑아본다
376,N,마법사,운없는 사람,흙
377,S,놀랐다,싫다,병원에 간다
378,S,슬프다,절대 같이 안 산다,꿈인가 싶어서 만져본다
379,N,1. 귀여워 한다 말랑말랑 한정판 젤리 기타 비싸게 팔 생각한다,2. 거절한다 우리 가족이랑 내 피는 먹지 말아달라고 부탁한다,3. 해바라기 시들면 내 머리도 아파질까봐 걱정한다 일단 물을 준다 근데 머리 어떻게 감지
380,S,먹었다,죽였다,사진을 찍었다
381,N,기타맛이 나나 먹어봤다,싫다고 했다,꽃이 너무 궁금해 일단 키워본다
382,N,젤리도 소리가 나나 쳐본다,나는 물지 않는다는 조건을 건다,셀카를 찍는다
383,N,소리 나는지 쳐보고 소리 나면 오히려 특별한 기타돼서 더 좋다,너무 싫다고 하고 문 쾅 닫고 창문도 잠근다,뉴스 보고 인터넷에 비슷한 사례가 있는지 뇌나 심장과 연결된 건 아닌지 찾아본다....
384,N,마술사,진시황제,도라에몽
385,S,대체 왜?,꺼져,자른다
386,S,엥?,싫다고 함,올ㅋㅋ 유니크한 인간이 되었군
387,S,1. 혹시 다시 기타로 돌아올지도 모르니 보관한다,2. 변기로 유인해 물을 내린다,3. 뿌리를 뽑아도 내 몸에 이상이 없으면 뽑는다. 근데 그 전에 사진은 한 장 남겨둘 듯
388,S,?,?,화분
389,N,1. 젤리를 씹었을때 기타 소리가 나나 들어본다,2. 모기가 나에게 수혈하면 나도 불사조....?,3. 내 기분에 따라 해바라기 꽃잎이 폈다 졌다 하는지 본다
390,S,??/오 기타모양 젤리 먹는다,꺼져,꿈인가 안 뽑히면 숨길 방법 찾는다
391,N,속상하다 ,거절한다,사진 찍어본다
392,S,뜯어 먹는다,사지를 분리 시킨다,이게 뭐지..? 한다
393,N,젤리기타를 가지고 있다,모기가 나를 물지않기로하는 계약서를 작성했다,모자를 쓰고 출근했다
394,N,-이미 젤리로 변해버린 김에 젤리 기탓중 몇번 퉁겨보고 먹을겁니다,-불사조…죽일 순 없으니 제가 피하겠습니다,-사진 찍고 인티에 올리면 분명 유명해질테니 일단 인스타에 먼저 올리고 친한 친구들한테 자랑을 하고 커뮤에 올려볼까? ㅎ 하고서 인티에 한번 올려볼래요
395,N,조심스럽게 만져본다 ,어떻게든 내쫒는다,꽃이 피니 더 예쁘다
396,S,방에 전시해둔다,싫다고 거절한다,잘라서 화분에 옮긴다
397,N,살짝 핥아서 맛 본다,거절한다 계속 매달리면 가둠,어 혹시 나 소설속 캐릭터?
398,S,먹는다,전기채로 지져본다,밑둥을 잘라본다
399,S,욕한다,죽인다,인터넷에 무슨 일인지 검색한다
400,N,나는 증거를 모아서 인터넷에 올리거나 연구실에 제보해야지 아니면 궁금한 이야기 y 그러면 우리나라 그리고 세계 각지에서 토픽이 될 테니까 사람들이 연구하려고 막 오고 인터뷰도 따고 그러겠지 기타의 젤리화 나는 실험에 참가하고 실험체도 제공하고 돈 많이 받겠지 끝나면 유튜브도 해야지 젤리기타녀로 스타가 되겠지 커밍아웃 하고 사람 만나야겠다 야호,2. 절대 죽지 않는 모기가 있다? 하면서 동물농장과 세상에 이런 일이 궁금한 이야기 Y 그알에 제보하고 실험하고 참여하고 유튜브 근데 그 모기가 어쩌면 인간에게 영생을 가능케 하는 단초가 되지 않을까요 그래서 막 영생을 보장해 주는 약 개발하겠지 난 모기 주인이니까 개발에 참여하고 제약회사 주식도 잔뜩 사놓아야지 이건 주가조작인가 감옥 가면 어떡해요 하지만 난 영생인데 무기징역만 아니면 의미 없는 것 아닌지 늙지도 않나? 그랬으면 좋겠다 야호,3. 1 번이랑 같을 듯 근데 머리가 너무 아플 것 같아요 뿌리는 어디에 내리는데?
401,N,방에 전시해둘 것 같아요 그리고 다시 기타로 돌아올 수 있는 방법을 찾을 듯,음... 이건 굳이 같이 살아서 좋을 이유가 없는데 왜 이런 질문이 있는지 모르겠네요 불사조 모기가 같이 살면 뭐 100억을 준다? 이럼 살죠,헐 해바라기 너무너무너무 예쁘겠다!!! 제가 젤 좋아하는 꽃... 매일 물 주고 안 시들게 예쁘게 관리하고 싶어요 근데 뒤척거리면 잎이 다 뜯기려나 그건 안되는데... 이왕 생긴거 잘 관리하고 싶은데
402,N,이거 왜이래 하면서 만져본다,대신 다른 모기들을 쫒아내달라고 한다,물 한 번 주고 모자쓰고 다닌다
403,S,젤리다...,불사조다...,해바라기다...
404,S,1. 좌절한다,2. 밀봉해서 가둔다,3. 꿈인가?
405,S,슬프다,거절한다,외계인이다
406,S,먹지 않고 보관한다,거절한다,사진을 찍는다
407,N,운다,싫다,당황스럽다
408,S,뭐라는거야??,와 진짜 싫다,뭐라는거야??
409,N,먹는다,이사간다,뽑는다
410,N,joat 됐다,joat 됐다,joat 됐다
411,N,나는 거지다,나는 도망갔다,나는 미쳤다
412,N,먹는다,가둬 놓는다,꿈인 줄 알고 다시 잔다
413,N,나는 너무 슬프다ㅠㅠ,나는 연구소에 돈 받고 팔아버린다,우왕 나는 사진을 찍으며 신기해한다
414,N,1. 무슨 맛인지 핥아본다,2. 거절한다...최대한 상냥하게,3. 아픈지안아픈지 만져본다
415,N,기타를 먹어본다,모기를 테이프로 붙여본다,해바라기를 떼고 냄새를 맡아 본 후 내 정수리가 어떻게 생긴지 확인한다
416,N,기타줄 하나씩 뜯어서 먹는다,그럼 다른 모기들 접근 못 하게 막으라고 한다,찍어서 인스타에 올린다
417,N,먹는다,도망간다,사진을 찍는다
418,S,먹는다,싫다,뽑는다
419,N,슬프다,불사조 모기를 가둬놨다,해바라기를 잘라냈다
420,S,1. 혼자 쳐보다가 될 리 없이 하고 실실 웃으면서 먹는다.,2. 같이 살자고 말을 한 건가? 모기가 말을 할 수 있나? 말 못하면 그냥 죽일 거 같은데 말 할 수 있으면 다른 곳 알아보라고 내보낸다.,3. 내 머리카락이 뿌린가? 뽑으면 머리카락도 뜯기나? 탈모는 곤란. 가위로 잘라낸다.
421,N,?,?...,뭔 소리야.. 출근해야되는데..
422,N,1. 먹어본다,2. 너 내 피 빨아먹고 살 거잖아 싫어라고 한다,3. 해바라기 씨도 먹어보고 줄기를 잘라도 계속 나는 지 실험해본다
423,N,"1.먹지 못하는 젤리네,,슬프다",2.덜덜 떨며 일단 감옥을 만들어 가둘것이다,3.오씨 머야 일단 사진 찍어
424,N,이걸 먹어야하나 아님 보관해야하나 어떤맛일지 궁금함,어떻게든 잡아서 가둬놓을듯 못죽이면 나를 아예 못물게 만들기,일단 사진찍어서 스토리부터 올린 다음에 살짝 건드려보고 샤워하면서 물도 줘본다음에 줄기 자를것 같아요
425,S,나는 나다,나는 나다,나는 나다
426,S,돌아올 때까지 잘 보관한다,거절한다,헤도로
427,S,당황스럽다,거부하겠다,놀랄 것이다
428,N,1. 나는 놀라면서 무슨 맛 젤리인지 궁금해한다. 트롤리가 아닐까? 생각한다,2. 나는 쓸모없을 거니깐 나가라고 한다,3. 우와 뽑으면 ㅁ부리도ㅠ나오나? 큰일났다 더듬 거리며 119를 부른다
429,N,1. 나 젤리 안좋아하는데 왜 하필 젤리징ㅠ,2. 각방쓰자..,3. 가족들한테 머리 보라고 해볼듯!
430,S,-한입 먹어본다,-거절,-사진찍고 인스타에 올린다
431,S,나는 운다,나는 거절한다,나는 잘라버린다
432,S,먹는다,ㄱ거지라고 한다,뽑는다
433,N,먹는다,(#*&$(@@(#,물을준다
434,N,먹는다,내 피를 먹지 않는 조건으로 허락한다,뽑아도 되는 건지 물을 줘야 하는 건지 등등 인터넷을 뒤져본다
435,S,젤리요?,전기모기채로 죽인다!,해바라기요..?
436,N,"일단 충격받고 좌절,, 다음엔 어떻게 손상 안 되게 보관할지 생각해보기",절대 싫음 작은 유리병에 담아서 버리기,사진 몇장 찍고 피부과가기
437,N,일단 먼지 안타게 유리병에 넣는다,같이 사느니 내가 죽는다고 말한다,뿌리가 뽑히는지 확인한다
438,S,허망하,유리상자에 가둔,미친ㄴ이
439,N,놀랐다 ,절대 싫다고 했다 ,뽑았다
440,S,1.나는 슬프다,2.나는 이사를 가야겠다,3.나는 꽃이다
441,N,먹는다,거절한다,꽃이다
442,S,망했다,도망친다,자른다
443,N,일단 연주를 해보았다. ,제발 내 눈앞에서 사라지라고 했다.,의문스러웠지만 일단 예뻐서 좋았다.
444,N,1)일단 보관해두고 인터넷 검색,2)밀폐용기에 가둬두고 탈출하는지 수시로 확인,3)오 너무 신기한데?? 사진 많이 찍어두고 좀 놀다가 연구소 찾아가기
445,N,1. 울면서 기타를 새로 산다,2. 피를 빨지 않아도 죽지 않으므로 피를 빨아먹을 시 벌금을 내는 조항을 건 계약서를 쓰고 같이 산다.,3. 당장 꺾어버린다.
446,N,나는 슬프다,나는 싫다,나는 해바라기를 자른다
447,S,?,?,?
448,N,젤리 기타? 신기해하며 작동이 잘 되는지 실험해본다,절대 싫다고 하고 분석해본다. 어떤 원리로 불사라는 거지?,한번 키워보며 관찰일지를 써본다. 내 뇌에 영향이 있을지 없을지도 생각해볼듯!
449,S,돈아까워한다,기겁한다,해바라기를 뽑는다
450,S,일단 한 입 먹어본다,다른 집을 찾아가라고 한다,내 뺨알때기 한 대 먼저 쳐본다
451,S,먹어본다,잡아서 가둬놓는다,해바라기 씨 뽑아보고 안 아프면 뽑아본다
452,N,나는 마법사다,나는 모기를 감금한다,나는 신나게 돌아다닌다
453,S,돈이 아까워졌다,소름끼쳤다,뿌리가 뇌에 박힌건지 걱정된다
454,S,젤리기타를 가진 사람,불사조 모기가 같이 살자고 한 사람,정수리에 해바라기가 핀 사람
455,S,화낸다,같이 살 다른 사람을 추천해준다,병원에 간다
456,S,먹는다,뭐래,..?
457,N,다시 기타로 돌아올 수도 있으니 안 먹고 놔둔다,창 밖으로 내쫓는다,혹시 나도 꽃...?
458,N,쳐본다,가둬둔다,꺾는다
459,N,나는 기타와 한 몸이 되었다,나는 매일 방충복을 입게되었다,나는 애니메 주인공이 되었다
460,N,1. 젤리를 한입 베어 먹어본다.,2. 진짜 안 죽는지 때려본다.,3. 일단 꽃을 꺾어서 구경한다.
461,N,나는 윌리 웡카다,나는 뭐든 죽이는 전기 파리채다,나는 강아지똥이다
462,S,(젤리를 싫어해서)동생에게 먹으라고준다,죽여본다,병원에 찾아가서 없애는방법을 알아본다
463,N,운다,싫다,자른다
464,S,나는 어이없다,나는 싫다,나는 개어이없다
465,N,운다,개빡친다,웃겨서 웃다가 현실을 자각하고 고뇌에 빠진다
466,N,먹어본다,거절한다,모자를 산다
467,S,1 망했다,2 피한다,3 물을 준다
468,N,1 이 기타가 얼마짜린데 미쳤나,2 같은 종끼리 만나라,3 뽑는다
469,N,부위별로 먹어본다.,때려죽인다..!,물을 줘본다
470,N,1.한입 먹어볼까 하다가 제일 아끼는 기타면 기타로 다시 변해서 연주해야되는데!? 싶어서 못 먹음,2. 단칼에 거절,3. 거실로 나가서 가족들한테 자랑함 그리고 어떻게 할지 고민
471,N,1. 맛을 본다...하지만 사진 찍는 것을 까먹어서 절망하며 한입 베어져 있는 기타젤리를 사진 찍어 친구에게 자랑한다.,2.완전 질색을 하며 제정신이냐고 물어보고 뒤도 돌아보지 않고 최대한 멀리 떨어진다. (가능하면 접근금지를 신청할 정도로 소름이 돋았다),3. 정수리에 있는 해바라기를 보다가 해바라기가 해빛을 따라 고개를 바꾼다는 것이 떠올라 내 머리 위에 있는 해바라기도 그러한지 2~3일에 걸쳐서 실험을 해본다
472,N,큰일이다,그건 안되는데,"귀여울듯, 밖에 나갈땐 모자로 가리고 다닌다"
473,S,나는 어이가 없다,나는 싫다,나는 웃긴다
474,N,1. 나는 안은영이다.,2. 나는 모기장이다.,3. 나는 화분이다.
475,S,1 따로 잘 보관한다,2 거절했는데 안되면 한곳에 가둬놓는다,3 사진이나 동영상 찍은 후 자른다
476,N,- 먹는다,- 평생 사람을 물지 않는 법을 가르쳐준다,- 인간 화분인가보다 하고 생각하고 세상에 이런일이에 제보한다
477,S,눈에 보이는 곳에 세워 놓는다,거절한다,해바라기가 맞는지 거울로 확인해 본다
478,S,1. 뭔소리야,2. 안문다는 전제조건하에,3. 웃는다
479,S,눈 비비고 다시 볼 것 같다,이상한 말 하지 말라면서 눈으로 욕한다,신기해하면서 사진 찍어둔다
480,S,아 내 돈...,지구 반대편가서 평생 혼자 살렴,출근하기 전에는 떼야하는데..
481,N,잘 보관해둔다.,잡아서 연구기관에 기증한다.,병원에 가본다.
482,N,놀라서 한참 쳐다보다 한 번 깨물어본다.. 뱃속에서 다시 원래소재로 돌아갈지도 모르니 삼키진않는다,모기가 말도 꺼내기전에 때려잡았다(애초에상종안함),머리를 어떻게 감아야할지 심란하다
483,N,1. 사진을 찍는다.. 그리고 혹시 젤리가 기타로 변했을지 모르니까 확인해본다. 한 입만 깨물어본다.,2. 대신 나를 물지 말라고 한다 . 약속을 어길시에는 유리병에 가두겠다고 협박한다.,3. 세상에 이런일이에 제보한다.
484,N,1. 내가 아끼는건데 이게 무슨일이야... 먹을 수 있나??,2. 나 안물면 같이살게 해줄게 근데 나랑살면 피 못먹을텐데 못먹으면 어떻게 살아갈려고??,3.미쳤네.. 병원가야되나.. 특이한 사례로 어디 잡혀가서 실험당하면 어떡하지
485,N,1. 슬프다,2. 헌터다,3. 화분이다
486,N,싫다,싫다,싫다
487,N,혹시 돌아올지도 모르니 보관한다,죽일 순 없으니 가둔다,자랑한다
488,S,어이없다,거절한다,뽑아버린다
489,S,기타를 새로산다,냐고 한다,우와 신기하다
490,N,어이없어하면서 사진이나 그림으로 기록한다,모기를 죽이려고 시도한다,건드리면 아픈지 거울을 보며 해바라기 줄기를 당겨본다
491,N,1 속상하지만 먹는다,2 에프킬라 뿌린다,3 햇빛 보여준다
492,N,1. 말랑...말랑.... 진짜 별 생각 안 드는데요 말랑말랑...,2. 이게 뭔 소리야 가세요,3. 햇빛 쬐러 간다
493,N,보관한다,거절하고 미안하다고 말한다,집에 나가지 않는다
494,N,1 기타를 아끼지 않는다,2 잡아서 연구소에 넘기고 돈을 받는다,3 해를 따라 진짜 움직이는지 본다(근데 아프지 않을까..)
495,S,그대로 놔둔다,죽인다/가둬놓는다/떠나보낸다,모자쓰고 등교
496,N,한입 먹어본다,내가 왜..?,사진 찍어서 올린다
497,S,헐 망했다 어떡하지,내 주변에 안 오고 눈에 띄지 않기로 약속하면 그렇게 하자,어떻게 숨길지 고민한다
498,S,먹어본다,왜? 나는 혼자 살고 싶고 집세는 내가 부담하고 있으니 거절한다 그래도 금전적 사정으로 갈이 살게되면 집세는 어떻게 나눠 부담할지 집안일 분담 어떻게 할지 누가 어디서 잘지 구체적인 걸 정하고 내 피를 빨면 바로 나가기로 계약 조항을 건다,광합성을 해줘야 하나?
499,N,1. 아끼는 기타가 젤리가 된건 아쉽지만 난 젤리를 좋아하니까 야금야금 먹는다,2.내 피 안뽑아 먹는다는 약속을 받아들인다면 좋다,3.이제 인간 해바라기다ㅏ 근데 다른 꽃이면 더 좋겠당
500,S,1. 얼탱이가 없다,2.가라고 한다.,3. 병원에 간다.
501,N,얌,으,꺄
502,S,1. 냅둔다,2. 가둔다,3. 병원간다
503,S,1.기타젤리도 연주가되나?한번 연주해본다,2.물지않을거냐고 물어보고 안물면 같이산다,3.오엥 물도 줘야하나??머리에다 물부어야하나?
504,S,엥이다,싫다,엥이다
505,N,기타를 쳐본다,넌 어떻게 말을 할 수 있냐고 물어본다,뽑아본다
506,N,하리보가 좋,너무 싫어서 도망가고 싶,줄기를 자를 수 있는지 확인한다
507,S,다시 기타로 변할때까지 놔둔다,병에 가둔다,그냥 평소대로 지낸다
508,S,1. 괄호에 어떤 말을 넣어야 할지 모르겠어요..,2. 싫,3. 징그럽
509,S,1. 뭔소리여,2. (안읽음),3. 징그럽다
510,S,1. 뭔소리야,2. 이건 뭐야,3. 와 이게 젤 뭔소린가 싶네
511,N,1. 슬프다,2. 진짜 싫다,3. 이게 가능한 일인가? 싶다
512,N,기타 헤드부분을 조심스럽게 베어 먹어본다.,피를 나도 빨아야 하는지 물어본다.,꽃이다
513,N,맛있겠다,싫다,잘라서 보관한다
514,N,나는 기왕 변한거 포도맛이길 바란다,나는 하루에 한 번 피를 줄테니 너 외에 다른 모기는 못 물게 지켜달라고 말한다,나는 반려식물이 생겼으니 자주자주 말을 걸어준다
515,N,1. 무슨 맛인지 궁금해서 조금 뜯어먹어본다,2. 모기 친구들 곁으로 보내준다,3. 햇볕 아래에 서있어보기
516,N,1.먹는다,2.가둔다,3.뽑아서 기른다.
517,S,1.돈이 너무 아깝다,2.뭐래 웃기지마,3. 자른다
518,S,믿기지 않았다,싫다고 한다,잘라버린다
519,S,나는 기타다,나는 싫다,나는 꽃이다
520,S,1 당황했,2 싫,3 최초의 식물인간?
521,S,나는 000이다…,나는 죽는다,나는 자른다
522,S,1.뭔소리야?,2.안죽을수가 있나?,3.꽃피였는데 어쩌라는거지
523,S,1. 뭐 어쩔거야 먹는다 ,2. 어떻게든 나에게서 떨어뜨려둔다 가둬놔야지,3. 뽑는건 안될거같고 매일 줄기 자름
524,N,1. 나는 젤리다.,2. 나는 불사조가 아니다.,3. 나는 해를 찾을 수 있다.
525,S,1. ?,2. ?,3. 꽃 단 미를 친 여자..?
526,S,1. 어이없,2. 싫,3. 귀엽
527,N,1. 악 내기타!! 내기타!! 내기타내놔!!! 근데 이걸 언제다먹어!!!ㅠㅠ,2. 아니? 절때안돼!! 너 미쳤구나?,3. 내머리에서 해바라기가 자랐다고? 일단 인방부터 켜야하나? 유튜브부터 시작해야하나? 그럼 내키는 해바라기가 자란만큼인건가?
528,S,1. 에?뭔소리지 아~... 슬프다,2. 싫다,3. 놀랬다
529,N,1. 깨물어 본다,2. 밖으로 당장 내 쫒는다,3. 정수리와 해바라기의 이어진 부분을 만져본다
530,S,슬프다,짜증난다,이런 것 좀 이제 그만 하면 안돼?
531,N,먹는다,죽인다 ,뗀다
532,S,1. 충격을 받는다,2. 거절한다,3. 사진을 찍어서 친구들에게 보낸다
533,S,오 신기해한다,싫다,우선 나가야하니까 꺾는다
534,S,그걸 나 보고 어쩌라고,그걸 나 보고 어쩌라고?,그걸 나 보고 어쩌라고??
535,N,안 돌아오는 건가..? 내 기타... 웨얼...,오바... 내가 왜...,헐 쩐다 꽃인간이 된 건가! 기분 안 좋으면 시드나?
536,N,줄을 잘라서 먹어본다. 다시 기타로 변해도 줄을 다시 끼울 수 있기 때문이다.,수혈팩을 구해줄테니 내 피를 먹지 말아달라고 한다.,"살짝 뽑아서 아픈지, 뿌리가 뇌랑 연결되있는건 아닌지 확인한다."
537,S,1. 기타를 다시 찾아본다.,2. 이사간다.,3. 꺾어서 버린다.
538,N,1. 내 기타.. 내 기타..!,2. 왜 같이 살자고 하지? 내 피 빨아먹게? 내가 잡아도 안죽나?,3. 뽑아보려고 시도한다 아플까
539,S,1. 먹어본다,2. 에프킬라 주스 한잔 건네준다,3. 사진찍는다
540,S,???,싫다,당황스럽다
541,S,아까워한다,거절한다,자르지 않을까? 일상생활 해야 하니까…
542,N,1. 젤리로 기타가 쳐지는지 실험한다,2. 싫다고 거절하고 도망간다,3. 머리위에 해바라기 씨앗 털어보기
543,S,1. 꿈이 덜 깼는지 확인해본다,2. 진짜로 불사조 모기인지 당장 때려잡아 본다,3. 이건 확실히 꿈일 것이다
544,N,"- 놀라며, 다시 기타로 변할 수도 있으니 소중히 보관한다.",- 미안하다고 하며 그건 절대 못하겠다고 거절한다.,"- 우왕? 이게 모지?하며 깜짝 놀라고 신기해하며 사진을 찍고, 햇빛을 보여준다."
545,S,먹어본다,싫다,신기해한딘
546,S,1. 황당하다,2. 거절한다,3. 혹시 내가 해바라기?
547,N,1.헐 이게 머지?? 하고 사진찍어서 SNS에 올린다!! 그리고 안먹고 진공상태로 만든담에 영원히 보관한다!! 아끼던 기타니까!!,2.평생 나 안무는 조건으로 동거를 허락한다!!!!,3.헐 내가 인간 헤헷몬이라니!!!하고 팬싸가서 여상이한테 보여주깈ㅋㅋㅋㅋㅋㅋㅋㅋㅋㅋ
548,S,1. 어이없다,2. 거절한다,3. 이상하다
549,S,손해봤다,개싫,해바라기
550,N,1. 맛이 어떤지 살짝 맛보고 맛있으면 먹고 아니면 기타로 되돌릴 방법을 찾는다.,"2. 내 피 빨아먹지 않기, 월세는 어떻게 할건지 등등 정해서 각서 쓴다",3. 물을 자주 주지 못해 시들어버릴것같다
551,S,1. 연주 해본다,2. 도망간다,3. 헤헷몬이 되어 여상이를 보러간다
552,S,놀란다,무섭다,어떻게없애지?한다
553,S,부서지지 않게 보관한다,거절한다,모자를 쓴다
554,S,1. 행복하다,2. 싫다,3. 슬프다
555,S,젤리다,?,어쩌잔거지
556,S,1.기타못치겠다,2.신기하다,3.머리 어떻게 감지
557,S,1. 먹는다,2. 다른 사람 찾아가,3. 햇빛 쬐러 가기
558,S,먹는다,죽인다,뽑는다
559,N,1. 나늑 젤리연주가다!!!,2. 내가 젤 싫어하는 사람 말해주고 제발 그사람이랑 살라고 빈다,3. 머리에 해바라기를 달고사는 귀여웅 사람이네ㅎㅎ
560,S,1. 뭔소리야,2. 뭔소리야,3. 뭔소리야
561,N,헉 귀여울듯... 썩으면 어떡하지,와 버려버릴래,머리띠 같을 듯..?
562,N,1. 먹는,2. 죽인,3. 사진찍는
563,S,기타를 새로산다,거절한다,잘라버린다
564,N,짜증난다,절대안돼,병원에간다
565,S,보관한다,완전 싫다,사진찍고 뽑는다
566,N,열 받았다 내 돈!,싫다,놀랐다
567,S,먹었다,거절한다,해바라기다
568,N,젤리를 다시 기타로 되돌릴수 있는 방법을 강구해본다,으 절대 싫어 라고 말한다,정수리에 물을 줘본다
569,S,우선 보관해둔다 ,상자에 가둬놨다,병원에 가본다
570,S,슬프다,얘 왜이래.. 라고 생각한다,미용실에 간다
571,N,나는 대왕젤리다,나는 미안하지만 거절한다,나는 기분이 좋다!!!!!!!!!!!!!!!!!!
572,S,눈물난다,거절한다,사진을 찍는다
573,N,마법사다,거절한다,해바라기다
574,N,1. 그래도 줄은 칠 수 있지 않을까 한 번 쳐본다,2. 내 피를 먹지 않는 조건을 중심으로 타협한다,3. 그러면 해에 따라 방향이 바뀌는 건가? 밖에 나가서 실험하고 온다
575,S,1. 나는 짜증이 났다,2. 나는 모기를 플라스틱 통안에 가둬 버렸다,3. 나는 제거수술을 받기 위해 병원으로 향했다.
576,S,당황스럽다,알겠으니까 대신 나를 괴롭히지 말라고 한다,모자를 쓰고 다닌다
577,S,1. 나는 젤리다,2. 나는 불사조모기다,3. 나는 해바라기다
578,S,1. 내 돈,2. 절대 싫다,3. 자른다..
579,N,초콜렛이,협상을 한,요정인가보
580,S,아깝다,진짜 싫다,좀 신기할듯?
581,N,나는 운다,나는 (모기를) 죽인다,나는 너어무 깜짝 놀랜다
582,N,뭔 말도 안 되는 소리인가,극혐,뽑아야지
583,N,"1. 너무 아쉽지만,, 젤리 맛있게 먹는다",2. 싫다,3. 헐 너무 신기하다 ㅋㅋ
584,S,슬퍼한,거절한,숨긴
585,N,1. 다시 기타로 돌아올 수 있으니 먹지 않고 간직한다,2.꺼져 거절합니다,3. 해바라기 머리핀이라고 구라친다
586,S,1 나,2.나,3.미쳤나
587,S,핥아본다,벌레 연구가한테 데려간다,사진찍고 가위로 자른다
588,N,먹는다,가둔다,신기하다
589,S,슬프다 ,싫다,꿈이길 바란다
590,S,실망한다,싫다고 한다,놀랐지만 사진 찍어둔다
591,S,내 돈,미쳤나,징그럽다
592,S,그냥 먹는다,뭐라는겨; 너무 싫다,사진 찍어놓고 뽑는다
593,N,혹시 녹을까 봐 냉장고에 보관,도망간다,뿌리째 팔 수 있는지 먼저 보고 안 파지면 그대로 키운다
594,S,엥?,엥?,엥?
595,S,띠용.. 우선 보관한다,꺼지라고 한다,이게무슨/당황스러워한다/이게 나만 그런건지 검색해본다
596,N,울고 말았,바로 죽여버렸,일단 사진을 찍었
597,S,알수가없다,같이 살고싶지않다,떼버리고싶다
598,N,먹을 수 있을까,내 피를 먹으려나 안먹어도 싫음,해바라기를 뽑으면 다시 자랄까
599,S,뭔 말도 안되는 소리야,싫어,뭔 말도 안되는 소리야
600,S,망연자실한다,됐다고 한다,당황한다
601,N,1. 젤리상태에서도 연주가 되는지 쳐본다,2. 안죽는데 소통이 되는 모기라면 주기적으로 피주는 대가로 유용하게 써먹는다,3. 같은 사례가 있는지 찾아보고 병원간다
602,S,기타가 왜 젤리로?,그게 말이돼?,저게 뭔소리야
603,S,돈이 아깝다,미인가 생각한다,옛날 개그 프로 생각한다
604,S,먹는다,혐오한다,친구에게 찍어서 보여준다
605,N,1. 아마 당황하지 않을까,2. 모기를 설득해 다른 곳으로 가게끔 한다,3. 일단 꿈인지 확인할 것 같다
606,S,당황스러워하다가 소리는 안나는건지 연주해본다,모기가 어떻게 말을 걸지 생각하다가 진짜 안죽을까 하며 손바닥으로 때려본다,당황+황당 알수없는 두려움에 무서워하다가 햇볕에 정수리를 쬐어본다
607,S,절망한다,계속 잡아본다,모자쓰고 병원에 가본다
608,S,먹어야지,싫다.. 없애야지,자른다
609,S,1. 사람이,2. 싫,3. 꿈꾸는 중인 것 같
610,N,운다,동물농장에 제보해서 떼돈번다,뽑는다
611,N,환불하러 간다,쫒아낸다,인스타에 올린다
612,S,먹는다,싫다한다,거울을 본다
613,S,이게 무슨,가둔다,이게 대체
614,S,먹는다,극혐,자른다
615,S,1.그럴리가,2. 뭐라는거야,3. 럴리가
616,S,소중하게 모셔둔다,거절한다,병원에 간다..?
617,N,우와 무슨 맛일까 근데 아껴둬야지 ㅠㅠ,같이 사는 대신에 내 피는 먹지 말자 ..,예쁘다 머리에 물 부으면 자라나
618,N,나는 마법사다 ,나는 위대하다,나는 흙이 되었다.
619,N,화가난다,화가난다,화가난다
620,N,소리가 나는지 쳐본다,나는 물지 않기로 계약한다,물을 주면 나한테도 변화가 있는지 실험한다
621,N,냄새를 맡아보고 보관한다,허락해놓고 조그만 유리병에 가둔다,뽑히는지 당겨본다
622,N,슬퍼하며 투명 케이스에 넣어 전시한다,그건 힘들 것 같다고 거절한다,뽑히는지 확인한 후 물을 뿌려본다
623,N,버린다,내려친다,잡아당겨본다
624,N,살짝 먹어봤다,거절했다 ,셀카찍었다
625,N,먹는다,내쫓는다,자랑한다
626,N,어이없,소름끼치도록 무섭지만 태연하게 거절한,해바라기씨를 까먹는
627,N,젤리 싫어해서 너무너무 싫다,내쫓는다,머리띠같다 신기하다
628,N,먹어버린,내보낸,사진을 찍는
629,N,먹고싶어한,싫,꽃이
630,N,망했다.. ,상관없다 어차피 잘 안 물린다,말라죽기는 하나..? 제초제를 뿌렸다간 탈모가 생길 거 같은데 일단 두고본다
631,N,유튜브에 올린다,혈액 공급 협의를 본다,인스타에 올린다
632,N,젤리 기타를 가지고 있는 사람이다,싫다고 말한다,꽃이다
633,N,나는 망했다,나는 거절했다,나는 잘랐다
634,S,다시 산다,거절 한다,모자를 쓴다
635,N,슬프다,개뿍~친다,귀엽다
636,N,아끼던 기타였으니 사진은 한번찍고 맛있게 먹는다,대신 나는 안물겠다는 계약서를 쓴다,물을 주고 해바라기씨를 먹는다
637,N,꿈을 꾸고 있는 것,"모기를 데리고 장사(유튭 라이브, 아프리카티비, 트위치 등)",사진을 찍고 인스타나 트위터에 올려 인기스타가 된
638,S,안돼 하면서 욕한다,가둬놓는다,깜찍해졌군 한다
639,S,내돈아깝다고 생각한다,싫다고한다,개킹받는다
640,S,1. 하리보,2. 도망간다,3. 다시 잔다
641,S,1.일단 젤리는 맛있게 먹고 운다.,2.차라리 헌혈 하러 간다.,3.이게 뭐야? 일단 사진부터 찍고 병원을 간다.
642,S,1. 미쳤나..?,2. 뭔 소리야 죽여야지,3. 개싫다
643,S,1 당황스럽다,2 싫다,3 무섭다
644,N,1.개화난다,2.내 명령에 복종한다면 같이 살게해준다고 한다(싫어하는 사람 물게 만들거임),3.컬투
645,N,1.먹는다,2.알겠다고 한 뒤 조용히 죽인다,3.매일 자른다
646,N,1.이게뭔가싶다,2.가둔다음에 저 멀리 풀어줘서 나한테얼씬도못하게한다(사실 영원히감금시킬려고했는데 생각해보니 영원히 사니까 그건 좀 불쌍해서.. 멀리풀어줌),3.구글에 나와같은 상황이있는지 검색해본다
647,N,멍놀란다,me 쳣냐고 한다,멍놀란다
648,N,1. 냄새 맡고 기타를 쳐본다,2. 서로 피해 안주기로 약속하고 계약서를 쓴다,3. 너무 귀엽다
649,N,1. 낼부터 연주 어케 하지.. 왜 이렇게 됐지..,2. 모기가 어케 나한테 말을 걸지.. 절대 싫은데 우짜지..,3. 나만 이런가? 다른 사람들은..?(창밖 기웃기웃)
650,N,1. 소리 나오나 연주해보고 줄만 먼저 먹어본다. 먹다가 남으면 어떻게 보관하지? 개미 꼬일듯,"2. 말이 통하나 확인하고, 사육해서 모기계의 왕이 된다.",3. 밖으로 나가 방긋방긋 웃으며 마주치는 사람한테 웃음주기 꺄르륵
651,S,1. 먹는다,2. 싫다,3. 꽃이다
652,N,1. 짜증난다,2. 절대 싫다,3. 절망적이다
653,N,1. 일단 살짝 맛본다,2. z...ㄹㅏㄹ..하지말라고한다,3. 일단 꺾는다
654,S,먹어본다,싫다,뽑으면 아플까 싶어서 만져본다
655,S,1. 아놔 내 기타!!!!! 근데 무슨 맛일까,2. 심한 욕하면서 화냄,3. 엥… 이거 실화?
656,N,"1. 다른 내가 아끼는것들도 살펴본다. (이것도 변했나 혹시,,?)",2. 싫다고 한다.,"3. 이걸 누구한테 말해야하나,,연구소 가는걸까,,?"
657,N,운다,차라리 내가 죽는다,구글에 검색한다
658,S,새로 기타를 산다,불사조 모기를 가둬서 같이 산다,해바라기를 자르고 다시 자라나면 뽑아버린다
659,N,1. 먹는다,2. 이사감,3. 유튭각!
660,N,눈물난다,거절한다,셀카 찍고 인스타 스토리에 올린다
661,N,하리보 곰돌이 젤리 중에 무슨 색이려나,싫다고 거절한다,그럼 햇빛이 머리에 안오고 해바라기한테 집중되나? 여름에 좀 덜 더울까?
662,S,먹는다,먹는다,해바라기씨 먹는다
663,S,그알에 제보한다,모기를 잡는다,잘라버린다
664,N,1. 울면서 내 두 눈을 의심한다,2. 죽을래? 하면서 내쫓는다,3. 우선 셀카를 찍고 뽑기를 시도한 뒤 병원에 간다
665,N,1) 빡치네 하고 젤리 한입 먹어본다,2) 너 어떻게 말할수 있어? 넌 불사조지만 난 죽어. 내가 얻는게 뭔데? 왜 나를 골랐어?,3) 일단 해바라기를 자르면 내 몸의 일부라 피가 나올것 같아서 인터넷에 비슷한 증상을 가진 사람들이 있나 찾아본다.
666,S,어이없ㄴ는데 귀엽다,미친거 아니냐고 쫓아낸다,미용실에 간다...
667,N,개빡치지만 이미 변한걸 우째.. 일단 조금 먹어본다,너가 불사조든 뭐든 눈에 띄는순간 조져줌,주변 사람들한테 자랑함
668,N,엥?,에엥?,헐… 뭐됐다
669,S,ㅇㄴ이게 얼마짜린디; 일단 따로 보관,때려죽이거나 가둬서 연구소에 실험체로 기부,만저보고 아프지않다면 잘라버림
670,N,화가 난다,다른 사람의 피를 추천해준다,하루종일 밖에 돌아다니면서 즐기다가 뽑는다
671,S,슬플 것 같다,냅다 도망간다,자랑한다
672,S,일단 냅둔다,싫다고 한다,사진찍고 널리 알린다
673,S,집에 기타 없음,협상,출근 어케함
674,N,1.변상해달라한다,2.계약서써서 내가 물리면 쫓아냄,3.머리를 감아본다.
675,S,이게 뭐고,꺼져,이게 뭐야...
676,N,와구와구 먹어본다 그럼 내 기타는..??,너 나랑 어떻게 대화하는거야? 넌 왜 안죽니 과학 실험 자료로 쓰이도록 한다,오 너무 귀여워 근데 다른 사람들도 이런게 생겼을려나 머리를 도리도리 해본다 이 해바라기를 뽑으려고 하면 아픈가 확인한다
677,S,1. 말도 안된다고 생각한다.,2. 말도 안된다고 생각한다.,3. 꽃을 관찰한다.
678,S,당황스럽다,미치고 팔짝뛴다,이게 뭔가 싶다
679,N,다시 기타로 되돌아갈 때까지 고이 모셔둔다,내 피를 뽑아가지 않겠다는 각서를 받고 일단 허락했다,엄마에게 알리고 대책을 강구했다
680,N,어이없고 슬프다..,거절하고 가둬둔다 내 거절을 거절할 수 있으니까,당황한다 일단 사진 찍어둔다
681,N,다시 기타로 변할 때까지 갖고 있는다,벌레 채집장같은 곳에 넣어둔다,물을 줘본다
682,N,혹시 나도...? 거울 본다,모기가 잘 때 몰래 내보냄,사진부터 찍고 친한 친구들한테 보낸다 그 후에 어떻게 해야 할 지 심각히 고민
683,N,미다스의 황금손을 잇는 젤리손으로 유명해질 것이다,방 하나를 내줄테니 월세를 내면 같이 살아준다고 한다,앞으로 해바라기를 위해 낮에는 해가 있는 방향을 바라보고 살아야 한다
684,S,1. 뭐야 내 기타 내놔 이게 얼마인데,2. 죽인다,3. 자른다
685,S,먹어본다,멍싫다,셀카찍는다
686,S,젤리를 다시 기타로 바꾸기 위해 노력한다,가둔다,해바라기 바로 자르고 머리가 다시 날 수 있을지 확인한다
687,S,기타회사를 고소한다,연구소에 기부한다,임상실험 포상 의뢰한다
688,N,실망한다,나는 빨지 말아달라고 부탁한다,해바라기 인간이다
689,N,먹어서 내가 기타 그자체가 됐다,집 나가서 신분세탁 했다,그 모습 그대로 브이로그 찍어서 유튜브에 올렸다
690,S,뜯어먹어본다,자결한다,해바라기씨있나확인한다
